LotArea,OverallQual,OverallCond,YearBuilt,YearRemodAdd,MasVnrArea,BsmtFinSF1,TotalBsmtSF,1stFlrSF,GrLivArea,FullBath,TotRmsAbvGrd,GarageCars,GarageArea,SalePrice
8450,7,5,2003,2003,196.0,706,856,856,1710,2,8,2,548,208500
9600,6,8,1976,1976,0.0,978,1262,1262,1262,2,6,2,460,181500
11250,7,5,2001,2002,162.0,486,920,920,1786,2,6,2,608,223500
9550,7,5,1915,1970,0.0,216,756,961,1717,1,7,3,642,140000
14260,8,5,2000,2000,350.0,655,1145,1145,2198,2,9,3,836,250000
14115,5,5,1993,1995,0.0,732,796,796,1362,1,5,2,480,143000
10084,8,5,2004,2005,186.0,1369,1686,1694,1694,2,7,2,636,307000
10382,7,6,1973,1973,240.0,859,1107,1107,2090,2,7,2,484,200000
6120,7,5,1931,1950,0.0,0,952,1022,1774,2,8,2,468,129900
7420,5,6,1939,1950,0.0,851,991,1077,1077,1,5,1,205,118000
11200,5,5,1965,1965,0.0,906,1040,1040,1040,1,5,1,384,129500
11924,9,5,2005,2006,286.0,998,1175,1182,2324,3,11,3,736,345000
12968,5,6,1962,1962,0.0,737,912,912,912,1,4,1,352,144000
10652,7,5,2006,2007,306.0,0,1494,1494,1494,2,7,3,840,279500
10920,6,5,1960,1960,212.0,733,1253,1253,1253,1,5,1,352,157000
6120,7,8,1929,2001,0.0,0,832,854,854,1,5,2,576,132000
11241,6,7,1970,1970,180.0,578,1004,1004,1004,1,5,2,480,149000
10791,4,5,1967,1967,0.0,0,0,1296,1296,2,6,2,516,90000
13695,5,5,2004,2004,0.0,646,1114,1114,1114,1,6,2,576,159000
7560,5,6,1958,1965,0.0,504,1029,1339,1339,1,6,1,294,139000
14215,8,5,2005,2006,380.0,0,1158,1158,2376,3,9,3,853,325300
7449,7,7,1930,1950,0.0,0,637,1108,1108,1,6,1,280,139400
9742,8,5,2002,2002,281.0,0,1777,1795,1795,2,7,2,534,230000
4224,5,7,1976,1976,0.0,840,1040,1060,1060,1,6,2,572,129900
8246,5,8,1968,2001,0.0,188,1060,1060,1060,1,6,1,270,154000
14230,8,5,2007,2007,640.0,0,1566,1600,1600,2,7,3,890,256300
7200,5,7,1951,2000,0.0,234,900,900,900,1,5,2,576,134800
11478,8,5,2007,2008,200.0,1218,1704,1704,1704,2,7,3,772,306000
16321,5,6,1957,1997,0.0,1277,1484,1600,1600,1,6,1,319,207500
6324,4,6,1927,1950,0.0,0,520,520,520,1,4,1,240,68500
8500,4,4,1920,1950,0.0,0,649,649,1317,1,6,1,250,40000
8544,5,6,1966,2006,0.0,0,1228,1228,1228,1,6,1,271,149350
11049,8,5,2007,2007,0.0,0,1234,1234,1234,2,7,2,484,179900
10552,5,5,1959,1959,0.0,1018,1398,1700,1700,1,6,2,447,165500
7313,9,5,2005,2005,246.0,1153,1561,1561,1561,2,6,2,556,277500
13418,8,5,2004,2005,132.0,0,1117,1132,2452,3,9,3,691,309000
10859,5,5,1994,1995,0.0,0,1097,1097,1097,1,6,2,672,145000
8532,5,6,1954,1990,650.0,1213,1297,1297,1297,1,5,2,498,153000
7922,5,7,1953,2007,0.0,731,1057,1057,1057,1,5,1,246,109000
6040,4,5,1955,1955,0.0,0,0,1152,1152,2,6,0,0,82000
8658,6,5,1965,1965,101.0,643,1088,1324,1324,2,6,2,440,160000
16905,5,6,1959,1959,0.0,967,1350,1328,1328,1,5,1,308,170000
9180,5,7,1983,1983,0.0,747,840,884,884,1,5,2,504,144000
9200,5,6,1975,1980,0.0,280,938,938,938,1,5,1,308,130250
7945,5,6,1959,1959,0.0,179,1150,1150,1150,1,6,1,300,141000
7658,9,5,2005,2005,412.0,456,1752,1752,1752,2,6,2,576,319900
12822,7,5,2003,2003,0.0,1351,1434,1518,2149,1,6,2,670,239686
11096,8,5,2006,2006,0.0,24,1656,1656,1656,2,7,3,826,249700
4456,4,5,1920,2008,0.0,0,736,736,1452,2,8,0,0,113000
7742,5,7,1966,1966,0.0,763,955,955,955,1,6,1,386,127000
13869,6,6,1997,1997,0.0,182,794,794,1470,2,6,2,388,177000
6240,6,6,1934,1950,0.0,0,816,816,1176,1,6,2,528,114500
8472,5,5,1963,1963,0.0,104,816,816,816,1,5,2,516,110000
50271,9,5,1981,1987,0.0,1810,1842,1842,1842,0,5,3,894,385000
7134,5,5,1955,1955,0.0,384,384,1360,1360,1,6,2,572,130000
10175,6,5,1964,1964,272.0,490,1425,1425,1425,2,7,2,576,180500
2645,8,5,1999,2000,456.0,649,970,983,1739,2,7,2,480,172500
11645,7,5,2004,2004,0.0,0,860,860,1720,2,7,2,565,196500
13682,10,5,2006,2006,1031.0,0,1410,1426,2945,3,10,3,641,438780
7200,5,7,1972,1972,0.0,632,780,780,780,1,4,1,352,124900
13072,6,5,2004,2004,0.0,941,1158,1158,1158,1,5,2,576,158000
7200,5,7,1920,1996,0.0,0,530,581,1111,1,6,1,288,101000
6442,8,5,2006,2006,178.0,24,1370,1370,1370,2,6,2,484,202500
10300,7,6,1921,1950,0.0,0,576,902,1710,2,9,2,480,140000
9375,7,5,1997,1998,573.0,739,1057,1057,2034,2,8,2,645,219500
9591,8,5,2004,2005,344.0,0,1143,1143,2473,2,9,3,852,317000
19900,7,5,1970,1989,287.0,912,1947,2207,2207,2,7,2,576,180000
10665,7,5,2003,2003,167.0,1013,1453,1479,1479,2,7,2,558,226000
4608,4,6,1945,1950,0.0,0,747,747,747,1,4,1,220,80000
15593,7,4,1953,1953,0.0,603,1304,1304,2287,2,7,2,667,225000
13651,7,6,1973,1973,1115.0,1880,2223,2223,2223,2,8,2,516,244000
7599,4,6,1982,2006,0.0,565,845,845,845,1,4,2,360,129500
10141,7,5,1998,1998,40.0,0,832,885,1718,2,7,2,427,185000
10200,5,7,1954,2003,104.0,320,1086,1086,1086,1,6,2,490,144900
5790,3,6,1915,1950,0.0,0,840,840,1605,2,8,1,379,107400
1596,4,5,1973,1973,0.0,462,462,526,988,1,5,1,297,91000
8475,4,7,1956,1956,0.0,228,952,952,952,1,4,1,283,135750
8635,5,5,1948,2001,0.0,336,672,1072,1285,1,6,1,240,127000
10778,4,5,1968,1968,0.0,0,1768,1768,1768,2,8,0,0,136500
10440,5,6,1910,1981,0.0,0,440,682,1230,1,5,2,440,110000
13000,6,6,1968,1968,576.0,448,896,1182,2142,2,8,1,509,193500
4500,6,5,1998,1998,443.0,1201,1237,1337,1337,2,5,2,405,153500
10206,8,5,2007,2007,468.0,33,1563,1563,1563,2,6,3,758,245000
8892,5,5,1960,1960,66.0,0,1065,1065,1065,1,6,2,461,126500
8530,7,5,1995,1996,22.0,0,384,804,1474,2,7,2,400,168500
16059,8,5,1991,1992,284.0,0,1288,1301,2417,2,9,2,462,260000
11911,6,5,2005,2005,0.0,0,684,684,1560,2,6,2,400,174000
3951,6,5,2009,2009,76.0,0,612,612,1224,2,4,2,528,164500
8470,3,2,1915,1982,0.0,0,1013,1013,1526,1,6,0,0,85000
8070,4,5,1994,1995,0.0,588,990,990,990,1,5,0,0,123600
7200,4,5,1950,1950,0.0,0,0,1040,1040,1,4,2,420,109900
8500,5,3,1961,1961,203.0,600,1235,1235,1235,1,6,2,480,98600
13360,5,7,1921,2006,0.0,713,876,964,964,1,5,2,432,163500
7200,6,6,1910,1998,0.0,1046,1214,1260,2291,2,9,2,506,133900
9337,6,5,1997,1997,0.0,648,824,905,1786,2,7,2,684,204750
9765,6,8,1993,1993,68.0,310,680,680,1470,2,6,2,420,185000
10264,7,5,1999,1999,183.0,1162,1588,1588,1588,2,6,2,472,214000
10921,4,5,1965,1965,48.0,520,960,960,960,1,6,1,432,94750
10625,5,5,1920,1950,0.0,108,458,835,835,1,5,1,366,83000
9320,4,5,1959,1959,0.0,569,950,1225,1225,1,6,0,0,128950
10603,6,7,1977,2001,28.0,1200,1610,1610,1610,2,6,2,480,205000
9206,6,5,1985,1985,336.0,0,741,977,1732,2,7,2,476,178000
7018,5,5,1979,1979,0.0,0,0,1535,1535,2,8,2,410,118964
10402,7,5,2009,2009,0.0,0,1226,1226,1226,2,6,3,740,198900
7758,7,4,1931,1950,600.0,224,1040,1226,1818,1,7,1,240,169500
9375,8,5,2003,2004,768.0,0,1053,1053,1992,2,9,2,648,250000
10800,4,7,1885,1995,0.0,0,641,1047,1047,1,6,1,273,100000
6000,5,5,1948,1950,0.0,104,789,789,789,1,5,1,250,115000
8500,5,7,1919,2005,0.0,0,793,997,1517,2,7,0,0,115000
11751,6,6,1977,1977,480.0,705,1844,1844,1844,2,7,2,546,190000
9525,6,4,1954,1972,0.0,444,994,1216,1855,2,7,1,325,136900
7750,7,5,2000,2000,0.0,250,384,774,1430,2,7,2,400,180000
9965,7,5,2007,2007,220.0,984,1264,1282,2696,2,10,3,792,383970
21000,6,5,1953,1953,184.0,35,1809,2259,2259,2,7,2,450,217000
7259,6,8,1945,2002,0.0,774,1028,1436,2320,2,9,1,180,259500
3230,6,5,1999,1999,1129.0,419,729,729,1458,2,5,2,440,176000
11616,5,5,1962,1962,116.0,170,1092,1092,1092,1,6,1,288,139000
8536,5,5,2006,2007,0.0,0,1125,1125,1125,1,5,2,430,155000
12376,7,5,1990,1990,0.0,1470,1673,1699,3222,3,11,3,594,320000
8461,6,5,2005,2006,0.0,0,728,728,1456,2,8,2,390,163990
21453,6,5,1969,1969,0.0,938,938,988,988,1,4,2,540,180000
6060,4,5,1939,1950,0.0,0,732,772,1123,1,4,1,264,100000
9464,6,7,1958,1958,135.0,570,1080,1080,1080,1,5,1,288,136000
7892,6,5,1993,1993,0.0,300,1199,1199,1199,2,5,2,530,153900
17043,6,5,1979,1998,0.0,0,1362,1586,1586,2,7,2,435,181000
6780,6,8,1935,1982,0.0,490,520,520,754,1,5,0,0,84500
4928,6,5,1976,1976,0.0,120,1078,958,958,2,5,2,440,128000
4388,5,7,1930,1950,0.0,116,672,840,840,1,5,0,0,87000
7590,6,5,1966,1966,266.0,512,660,660,1348,1,6,2,453,155000
8973,5,7,1958,1991,85.0,567,1008,1053,1053,1,6,2,750,150000
14200,7,6,1966,1966,309.0,445,924,1216,2157,2,8,2,487,226000
12224,6,5,2000,2000,40.0,695,992,1022,2054,2,7,2,390,244000
7388,5,6,1959,2002,0.0,405,1063,1327,1327,1,7,2,624,150750
6853,8,5,2001,2002,136.0,1005,1267,1296,1296,2,6,2,471,220000
10335,5,6,1968,1993,0.0,570,1461,1721,1721,2,7,2,440,180000
10400,7,6,1970,1970,288.0,0,1304,1682,1682,2,7,2,530,174000
10355,5,5,1967,1967,196.0,695,1214,1214,1214,2,5,1,318,143000
11070,7,5,1988,1989,70.0,0,1907,1959,1959,3,9,3,766,171000
9066,8,5,1999,2000,320.0,668,1004,1004,1852,2,7,3,660,230000
15426,6,5,1997,1997,0.0,821,928,928,1764,2,7,2,470,231500
10500,4,5,1971,1971,0.0,432,864,864,864,1,5,0,0,115000
11645,7,5,2005,2005,0.0,1300,1734,1734,1734,2,7,2,660,260000
8520,5,4,1952,1952,0.0,507,910,910,1385,2,6,2,720,166000
10335,7,5,1999,1999,183.0,679,1490,1501,1501,2,6,2,577,204000
9100,5,5,1963,1963,336.0,1332,1728,1728,1728,2,10,2,504,125000
2522,6,5,2004,2006,50.0,0,970,970,1709,2,7,2,380,130000
6120,5,7,1931,1993,0.0,209,715,875,875,1,5,1,180,105000
9505,7,5,2001,2001,180.0,0,884,884,2035,2,8,2,434,222500
7500,7,5,2004,2005,120.0,680,1080,1080,1080,1,6,0,0,141000
6240,5,4,1936,1950,0.0,0,896,896,1344,1,7,1,240,115000
10356,5,6,1975,1975,0.0,716,969,969,969,1,5,2,440,122000
13891,8,5,2007,2008,436.0,1400,1710,1710,1710,2,6,3,866,372402
14803,6,5,1971,1971,252.0,416,825,1097,1993,2,8,2,495,190000
13500,6,7,1960,1975,0.0,429,1602,1252,1252,1,4,2,564,235000
11340,6,5,1923,1950,0.0,0,1200,1200,1200,1,7,1,312,125000
9600,6,5,1924,1950,0.0,0,572,572,1096,1,5,0,0,79000
7200,5,7,1950,1950,0.0,0,0,1040,1040,1,5,2,625,109500
12003,8,5,2009,2010,84.0,0,774,774,1968,2,8,3,680,269500
12552,7,5,2004,2005,0.0,222,991,991,1947,2,8,2,678,254900
19378,7,5,2005,2006,456.0,57,1392,1392,2462,2,9,2,576,320000
11120,6,6,1984,1984,0.0,660,1232,1232,1232,2,6,2,516,162500
13688,9,5,2003,2004,664.0,1016,1572,1572,2668,2,10,3,726,412500
12182,7,5,2005,2005,226.0,1201,1541,1541,1541,2,7,2,532,220000
5500,4,6,1956,1956,0.0,0,882,882,882,1,4,0,0,103200
5400,6,7,1926,2004,0.0,370,1149,1149,1616,2,5,1,216,152000
10106,5,7,1940,1999,0.0,351,644,808,1355,2,6,0,0,127500
10708,5,5,1955,1993,0.0,379,1617,1867,1867,1,7,1,303,190000
10562,8,5,2007,2007,300.0,1288,1582,1610,2161,1,8,3,789,325624
8244,7,5,2004,2004,0.0,0,840,840,1720,2,7,2,440,183500
16669,8,6,1981,1981,653.0,0,1686,1707,1707,2,6,2,511,228000
12358,5,6,1941,1950,0.0,360,720,854,1382,1,7,2,660,128500
31770,6,5,1960,1960,112.0,639,1080,1656,1656,1,7,2,528,215000
5306,7,7,1987,1987,0.0,495,1064,1064,1767,2,5,2,504,239000
10197,6,5,1961,1961,491.0,288,1362,1362,1362,1,6,2,504,163000
12416,6,5,1986,1986,132.0,1398,1606,1651,1651,2,7,2,616,184000
12615,6,7,1950,2001,0.0,477,1202,2158,2158,2,7,2,576,243000
10029,6,5,1988,1989,268.0,831,1151,1164,2060,2,8,2,521,211000
13650,5,5,1958,1958,0.0,57,1052,1252,1920,2,8,2,451,172500
17423,9,5,2008,2009,748.0,1904,2216,2234,2234,2,9,3,1166,501837
8520,5,6,1923,2006,0.0,0,968,968,968,1,5,2,480,100000
2117,6,5,2000,2000,456.0,436,756,769,1525,2,5,2,440,177000
7588,7,6,1920,1950,0.0,352,793,901,1802,1,9,1,216,200100
9060,5,6,1957,2006,98.0,0,0,1340,1340,1,7,1,252,120000
11426,7,5,2003,2003,0.0,0,1362,1362,2082,2,6,2,484,200000
7438,5,8,1908,1991,0.0,0,504,936,1252,1,5,2,576,127000
22950,10,9,1892,1993,0.0,0,1107,1518,3608,2,12,3,840,475000
9947,7,5,1990,1991,0.0,611,1188,1217,1217,2,6,2,497,173000
10410,5,7,1916,1987,0.0,0,660,808,1656,2,8,1,180,135000
7018,5,5,1979,1979,275.0,1086,1086,1224,1224,0,6,2,528,153337
4923,8,5,2001,2002,0.0,1153,1593,1593,1593,1,5,2,682,286000
10570,8,8,1932,1994,0.0,297,853,1549,2727,2,10,2,440,315000
7472,7,9,1972,2004,138.0,626,725,725,1479,1,7,2,484,184000
9017,7,5,1999,1999,0.0,560,1431,1431,1431,2,6,2,666,192000
2522,7,5,2004,2004,50.0,0,970,970,1709,2,7,2,380,130000
7180,5,7,1972,1972,0.0,390,864,864,864,1,5,1,352,127000
2280,6,6,1976,1976,0.0,566,855,855,1456,2,7,2,440,148500
9416,7,5,2007,2007,205.0,1126,1726,1726,1726,2,8,3,786,311872
25419,8,4,1918,1990,0.0,1036,1360,1360,3112,2,8,2,795,235000
5520,6,6,1912,1950,0.0,0,755,929,2229,1,8,0,0,104000
9591,8,5,2004,2005,262.0,1088,1713,1713,1713,2,7,3,856,274900
8546,4,5,2003,2004,0.0,0,1121,1121,1121,2,5,2,440,140000
10125,6,6,1977,1977,0.0,641,1196,1279,1279,2,6,2,473,171500
7000,6,6,1924,1950,0.0,617,617,865,1310,2,6,1,398,112000
4438,6,5,2004,2004,205.0,662,848,848,848,1,3,2,420,149000
3500,5,7,1947,1950,0.0,312,720,720,1284,1,5,1,240,110000
11851,7,5,1990,1990,0.0,0,1424,1442,1442,2,5,2,500,180500
13673,5,5,1962,1962,0.0,0,1140,1696,1696,1,8,1,349,143900
12493,4,5,1960,1960,0.0,419,1100,1100,1100,1,6,1,312,141000
14364,7,5,1988,1989,128.0,1065,1157,1180,2062,2,7,2,454,277000
8250,6,7,1964,1964,260.0,787,1092,1092,1092,1,6,2,504,145000
5604,5,6,1925,1950,0.0,468,864,864,864,1,5,0,0,98000
10420,6,5,2009,2009,0.0,36,1212,1212,1212,2,6,2,460,186000
8640,7,5,2009,2009,0.0,822,900,932,1852,2,7,2,644,252678
13568,5,5,1995,1995,0.0,716,990,990,990,1,5,2,576,156000
10900,6,7,1977,1977,153.0,378,689,689,1392,1,6,1,299,161750
10011,5,6,1957,1996,64.0,360,1070,1236,1236,1,6,1,447,134450
8450,7,5,2004,2004,266.0,946,1436,1436,1436,2,8,2,484,210000
9906,4,4,1925,1950,0.0,0,686,810,1328,1,8,1,210,107000
15660,7,9,1939,2006,312.0,341,798,1137,1954,1,8,2,431,311500
3010,7,5,2005,2006,16.0,16,1248,1248,1248,2,5,2,438,167240
8990,7,5,2006,2006,0.0,0,1498,1498,1498,2,5,2,675,204900
8068,6,5,2002,2002,0.0,0,1010,1010,2267,2,8,2,390,200000
11475,6,6,1975,1975,0.0,550,713,811,1552,2,6,2,434,179900
10500,4,6,1971,1971,0.0,524,864,864,864,1,4,2,576,97000
13472,10,5,2003,2003,922.0,56,2392,2392,2392,2,8,3,968,386250
1680,5,5,1971,1971,142.0,0,630,630,1302,2,6,1,280,112000
9950,7,5,1995,1995,290.0,565,1203,1214,2520,2,9,3,721,290000
1869,6,6,1970,1970,127.0,321,483,483,987,1,5,1,280,106000
8521,5,5,1967,1967,0.0,842,912,912,912,1,5,1,336,125000
3182,7,5,2005,2006,16.0,16,1373,1555,1555,2,7,2,430,192500
8760,6,6,1959,1959,220.0,0,1194,1194,1194,1,6,1,312,148000
15138,8,5,1995,1996,506.0,689,1462,1490,2794,2,9,3,810,403000
1680,6,5,1972,1972,297.0,0,483,483,987,1,5,1,288,94500
10650,5,6,1976,1976,0.0,182,894,894,894,1,5,1,308,128200
1680,6,3,1971,1971,604.0,358,483,483,987,1,5,1,264,89500
8773,7,5,2004,2004,98.0,24,1414,1414,1414,2,6,2,494,185500
9453,7,7,1993,2003,0.0,402,996,1014,1744,2,7,2,457,194500
12030,8,5,2007,2007,254.0,0,1694,1694,1694,2,7,3,818,318000
8741,6,4,1945,1950,0.0,94,735,798,1487,1,7,1,220,113000
9000,8,5,2008,2008,36.0,1078,1566,1566,1566,2,7,2,750,262500
3880,5,9,1945,1997,0.0,329,686,866,866,1,4,0,0,110500
5000,5,4,1900,1950,0.0,0,540,889,1440,1,6,1,352,79000
10762,6,6,1980,1980,0.0,0,626,626,1217,1,6,1,288,120000
8880,7,5,1994,2002,0.0,695,948,1222,2110,2,8,2,463,205000
10400,7,5,1988,1988,102.0,929,1845,1872,1872,2,6,2,604,241500
9142,6,8,1910,1950,0.0,0,1020,908,1928,2,9,1,440,137000
11310,6,5,1954,1954,0.0,0,1367,1375,1375,1,5,2,451,140000
11317,7,5,2003,2003,101.0,0,840,840,1668,2,8,2,500,180000
159000,6,7,1958,2006,472.0,697,1444,1444,2144,2,7,2,389,277000
5350,3,2,1940,1966,0.0,0,728,1306,1306,1,6,0,0,76500
4750,8,5,2006,2007,481.0,1573,1573,1625,1625,2,5,2,538,235000
8366,6,5,2004,2004,0.0,0,798,798,1640,2,6,2,520,173000
9350,6,7,1964,1991,108.0,270,1302,1302,1302,2,7,1,309,158000
8400,5,6,1957,1957,0.0,922,1314,1314,1314,1,5,1,294,145000
8738,7,5,1999,1999,302.0,0,975,1005,2291,2,8,2,429,230000
8791,6,5,2003,2003,0.0,503,864,864,1728,2,7,2,673,207500
8814,7,5,2006,2006,180.0,1334,1604,1604,1604,2,8,2,660,220000
12435,7,5,2001,2001,172.0,361,963,963,1792,2,7,2,564,231500
12702,5,5,1956,1956,0.0,0,0,882,882,1,4,1,308,97000
19296,6,5,1962,1962,399.0,672,1362,1382,1382,1,6,2,884,176000
9588,8,5,2007,2007,270.0,0,1482,1482,2574,2,10,3,868,276000
8471,6,7,1977,1995,46.0,506,506,1212,1212,1,6,2,492,151000
5500,5,7,1929,2001,0.0,234,926,926,1316,1,6,2,484,130000
5232,5,5,1925,2004,0.0,0,680,764,764,1,4,2,504,73000
12090,6,6,1981,1981,210.0,588,1422,1422,1422,2,7,2,576,175500
11207,6,5,1997,1997,0.0,714,802,802,1511,2,8,2,413,185000
8400,5,8,1939,1997,0.0,378,720,1052,2192,2,8,1,240,179500
6900,5,6,1940,1955,0.0,403,740,778,778,1,4,1,924,120500
7917,6,7,1976,1976,174.0,751,1143,1113,1113,1,6,1,504,148000
10728,8,5,2006,2006,0.0,0,1095,1095,1939,2,8,3,1053,266000
39104,7,7,1954,2005,0.0,226,1385,1363,1363,1,5,2,439,241500
11764,8,7,1999,2007,348.0,524,1152,1164,2270,2,9,3,671,290000
9600,6,6,1958,1988,183.0,620,1240,1632,1632,2,6,1,338,139000
8314,5,7,1982,1982,0.0,546,816,816,816,1,5,1,264,124500
7264,7,7,1925,2007,0.0,0,952,952,1548,2,5,2,672,205000
9196,7,5,2003,2003,0.0,0,1560,1560,1560,2,7,2,573,201000
19138,4,5,1951,1951,0.0,120,864,864,864,1,4,2,400,141000
14450,9,5,2006,2007,315.0,0,2121,2121,2121,2,8,3,732,415298
10005,7,5,1977,1977,299.0,392,1160,1156,2022,2,8,2,505,192000
11287,7,6,1989,1989,340.0,421,807,1175,1982,2,7,2,575,228500
7200,6,5,2006,2006,68.0,905,1262,1262,1262,2,5,2,572,185000
5063,7,5,2007,2008,166.0,904,1314,1314,1314,2,6,2,626,207500
9612,8,5,2008,2009,72.0,0,1468,1468,1468,2,6,3,898,244600
8012,6,5,1992,1992,0.0,430,1575,1575,1575,2,5,2,529,179200
4251,7,5,2006,2007,0.0,0,625,625,1250,2,5,2,528,164700
9786,6,7,1962,1981,0.0,600,912,1085,1734,1,7,2,440,159000
8125,4,4,1971,1971,0.0,614,858,858,858,1,5,0,0,88000
9819,5,5,1967,1967,31.0,450,882,900,900,1,5,1,280,122000
8730,6,7,1915,2003,0.0,0,698,698,1396,1,7,1,384,153575
15611,8,5,2006,2006,0.0,0,1079,1079,1919,2,8,2,685,233230
5687,5,6,1912,2000,0.0,210,780,936,1716,2,9,0,0,135900
11409,5,4,1949,2008,0.0,292,768,1148,1716,1,8,1,281,131000
16659,7,7,1977,1994,34.0,795,795,1468,2263,2,9,2,539,235000
9600,6,5,1953,1953,238.0,1285,1416,1644,1644,1,7,2,418,167000
7937,6,6,1984,1984,0.0,819,1003,1003,1003,1,6,2,588,142500
13710,5,5,1950,1950,0.0,420,910,910,1558,1,6,1,282,152000
7399,7,5,1997,1998,1600.0,649,975,975,1950,2,7,2,576,239000
11700,6,6,1968,1968,365.0,384,702,1041,1743,1,7,2,539,175000
14000,6,8,1950,2004,0.0,0,1092,1152,1152,1,6,1,300,158500
15750,5,5,1953,1953,56.0,841,1165,1336,1336,1,5,1,375,157000
16226,8,5,1998,1999,0.0,281,1028,1210,2452,2,9,2,683,267000
13704,7,5,2001,2002,150.0,0,1541,1541,1541,2,6,3,843,205000
9800,5,7,1972,1972,0.0,894,894,894,894,1,5,2,552,149900
18386,7,9,1880,2002,0.0,0,1470,1675,3493,3,10,3,870,295000
10386,8,5,2004,2005,246.0,1464,2000,2000,2000,2,8,3,888,305900
13474,7,5,1990,1991,246.0,700,700,1122,2243,2,8,3,746,225000
7920,6,7,1920,1950,0.0,0,319,1035,1406,1,6,0,0,89500
12342,4,5,1940,1950,0.0,262,861,861,861,1,4,2,539,82500
12378,9,5,2003,2004,0.0,1274,1896,1944,1944,2,8,3,708,360000
7685,6,5,1993,1994,112.0,518,697,697,1501,2,6,2,420,165600
8000,6,6,1948,2002,0.0,680,972,972,972,1,5,1,240,132000
7800,5,7,1939,1950,0.0,507,793,793,1118,1,5,2,410,119900
215245,7,5,1965,1965,0.0,1236,2136,2036,2036,2,8,2,513,375000
9600,7,7,1925,1990,0.0,16,728,832,1641,1,6,2,546,178000
7795,7,5,2004,2005,0.0,425,716,716,1432,2,6,2,432,188500
13005,7,7,1980,1980,278.0,692,845,1153,2353,2,10,2,484,260000
9000,8,5,2006,2006,0.0,0,1088,1088,1959,2,8,3,1025,270000
9900,7,5,1993,1993,256.0,987,1347,1372,2646,2,9,3,656,260000
14115,7,5,1980,1980,225.0,1036,1372,1472,1472,2,6,2,588,187500
16259,9,5,2006,2006,370.0,0,1249,1249,2596,3,9,3,840,342643
12099,8,5,2004,2004,388.0,970,1136,1136,2468,2,10,3,872,354000
10380,7,5,1986,1987,172.0,28,1502,1553,2730,2,8,2,576,301000
5820,3,8,1955,2005,0.0,256,1162,1163,1163,1,6,1,220,126175
11275,7,7,1967,2007,300.0,0,710,1898,2978,2,11,2,564,242000
5000,5,6,1941,1950,0.0,116,720,803,803,1,5,2,360,87000
10846,8,5,1993,1993,0.0,1619,1719,1719,1719,1,6,2,473,324000
11600,6,5,1960,1960,175.0,565,1383,1383,1383,1,7,1,292,145250
11888,6,6,1916,1994,0.0,0,844,1445,2134,2,10,2,441,214500
6402,5,5,1920,1950,0.0,0,596,596,1192,1,6,1,189,78000
10624,5,4,1964,1964,84.0,40,1728,1728,1728,2,10,1,352,119000
8176,5,6,1958,1992,0.0,846,1056,1056,1056,1,6,1,308,139000
10655,8,5,2003,2004,296.0,1124,3206,1629,1629,2,7,3,880,284000
8198,7,5,2004,2004,146.0,720,1358,1358,1358,2,6,2,484,207000
9042,6,5,1998,1998,0.0,828,943,943,1638,2,7,2,472,192000
164660,5,6,1965,1965,0.0,1249,1499,1619,1786,2,7,2,529,228950
14157,9,5,2005,2006,200.0,1249,1922,1922,1922,2,8,3,676,377426
9135,7,5,2002,2003,113.0,810,1536,1536,1536,2,7,2,532,214000
14145,7,7,1984,1998,0.0,213,1208,1621,1621,2,8,2,440,202500
12400,6,7,1958,1998,176.0,585,1215,1215,1215,1,6,1,297,155000
14191,8,5,2002,2002,0.0,0,967,993,1908,2,9,2,431,202900
8400,4,4,1950,1950,0.0,0,721,841,841,1,4,1,294,82000
8544,3,4,1949,1950,340.0,0,0,1040,1040,2,6,2,400,87500
8849,9,5,2005,2005,616.0,28,1684,1684,1684,2,6,2,564,266000
2592,5,3,1976,1976,0.0,129,536,536,1112,1,4,1,336,85000
6435,6,5,1939,1950,0.0,0,972,972,1577,1,6,1,312,140200
12772,6,8,1960,1998,0.0,498,958,958,958,1,5,1,301,151500
17600,6,5,1960,1960,30.0,1270,1478,1478,1478,2,6,2,498,157500
2448,7,5,2003,2004,106.0,573,764,764,1626,2,6,2,474,154000
20431,9,5,2005,2006,870.0,1410,1848,1848,2728,2,10,3,706,437154
7820,9,5,2007,2007,362.0,0,1869,1869,1869,2,6,2,617,318061
5271,7,5,1986,1986,0.0,1082,1453,1453,1453,1,6,2,445,190000
9084,5,6,1941,1950,0.0,236,616,616,1111,1,5,1,200,95000
8520,6,8,1928,2003,0.0,0,624,720,720,1,5,2,484,105900
8400,6,5,1940,2000,0.0,388,940,1192,1595,1,6,1,240,140000
11249,6,5,1995,1995,0.0,334,1200,1200,1200,2,6,2,521,177500
9248,6,6,1992,1992,106.0,560,1158,1167,1167,2,6,2,400,173000
4224,5,5,1976,1976,0.0,874,1142,1142,1142,1,6,2,528,134000
6930,5,4,1958,1958,120.0,300,1062,1352,1352,1,6,1,288,130000
12011,8,5,1998,1998,530.0,956,1086,1086,1924,2,7,2,592,280000
7540,6,6,1978,1978,0.0,773,888,912,912,1,5,2,470,156000
9144,5,5,1940,1982,0.0,399,883,988,1505,1,8,1,240,145000
7301,7,5,2003,2003,500.0,0,0,495,1922,3,7,2,672,198500
1680,6,8,1972,2007,510.0,162,483,483,987,1,5,1,264,118000
18800,6,5,1976,1976,120.0,712,796,790,1574,2,6,2,566,190000
10690,5,7,1920,1997,0.0,456,672,672,1344,1,6,1,468,147000
9500,6,5,1963,1963,247.0,609,1394,1394,1394,1,6,2,514,159000
9150,6,5,1962,1962,305.0,371,1099,1431,1431,1,6,1,296,165000
7800,5,6,1954,1954,200.0,540,1268,1268,1268,1,7,1,244,132000
9830,5,7,1959,2006,0.0,72,1063,1287,1287,1,7,2,576,162000
8121,6,5,2000,2000,0.0,0,953,953,1664,2,7,2,460,172400
17120,4,4,1959,1959,0.0,0,0,1120,1588,2,7,2,680,134432
7175,6,5,1984,1984,0.0,623,744,752,752,1,4,1,264,125000
10634,5,6,1953,1953,0.0,428,608,1319,1319,1,5,1,270,123000
8200,7,5,2003,2004,0.0,0,847,847,1928,2,8,2,434,219500
10020,1,1,1922,1950,0.0,350,683,904,904,0,4,0,0,61000
8846,5,5,1996,1996,0.0,298,870,914,914,1,5,2,576,148000
11143,8,5,2004,2005,0.0,0,1580,1580,2466,3,8,2,610,340000
11394,9,2,2010,2010,350.0,1445,1856,1856,1856,1,8,3,834,394432
8123,6,5,2000,2000,16.0,0,982,1007,1800,2,7,2,463,179000
5000,5,6,1924,1950,0.0,218,1026,1026,1691,2,6,1,308,127000
7200,7,5,2006,2006,0.0,0,1293,1301,1301,2,5,2,572,187750
9245,7,5,2006,2006,0.0,0,939,939,1797,2,8,2,639,213500
9000,6,3,1928,1950,0.0,0,784,784,784,1,5,2,360,76000
53107,6,5,1992,1992,0.0,985,1580,1079,1953,2,9,2,501,240000
3182,8,5,2004,2005,16.0,24,1256,1269,1269,2,6,2,430,192000
8410,5,3,1910,1996,0.0,0,658,658,1184,1,8,0,0,81000
7200,6,6,1976,1976,255.0,631,1041,1125,1125,1,6,1,352,125000
9382,7,5,1999,2000,125.0,0,1468,1479,1479,2,6,2,577,191000
12474,10,5,2007,2008,272.0,1280,1682,1742,2332,2,9,3,846,426000
8405,5,8,1900,1950,0.0,241,861,961,1367,1,7,1,384,119000
12209,6,5,2001,2002,0.0,690,804,804,1961,2,7,2,560,215000
8339,5,7,1959,1959,0.0,0,0,882,882,1,5,1,294,106500
7446,4,5,1941,1950,0.0,266,788,788,788,1,4,0,0,100000
10134,5,6,1940,1950,0.0,0,735,735,1034,1,5,1,240,109000
9571,5,6,1956,1956,0.0,739,1144,1144,1144,1,6,1,596,129000
7200,5,5,1972,1972,0.0,777,894,894,894,1,6,2,600,123000
7590,5,5,1962,1962,288.0,540,864,876,1812,2,8,1,264,169500
8967,5,2,1920,1950,0.0,0,961,1077,1077,1,6,1,338,67000
8125,7,5,2006,2007,100.0,812,1092,1112,1550,2,7,2,438,241000
14963,8,5,1996,1996,0.0,786,1260,1288,1288,1,4,2,500,245500
8767,7,5,2005,2005,0.0,24,1310,1310,1310,2,6,2,400,164990
10200,5,8,1940,1997,0.0,0,672,672,672,1,4,1,240,108000
12090,8,5,1998,1998,650.0,0,1141,1165,2263,2,10,2,420,258000
10364,6,5,1995,1996,0.0,0,806,806,1572,2,7,2,373,168000
9991,4,4,1976,1993,0.0,1116,1281,1620,1620,2,8,2,490,150000
10480,6,5,1936,1950,0.0,0,1064,1166,1639,1,6,1,240,115000
15576,6,7,1915,1976,0.0,0,840,840,1680,2,8,1,308,177000
14154,7,5,2006,2006,350.0,0,1063,1071,2172,2,9,3,947,280000
10800,8,5,2007,2008,100.0,789,1034,1050,2078,2,8,3,836,339750
9571,5,3,1958,1958,0.0,0,1276,1276,1276,1,5,1,350,60000
34650,5,5,1955,1955,0.0,1056,1056,1056,1056,1,5,2,572,145000
4403,7,5,2009,2009,432.0,578,1470,1478,1478,2,7,2,484,222000
8960,5,6,1927,1950,0.0,0,1008,1028,1028,1,5,2,360,115000
11228,7,5,1993,1993,0.0,50,1080,1080,2097,2,9,3,678,228000
8899,7,5,2007,2007,0.0,24,1340,1340,1340,2,6,2,396,181134
7844,6,7,1978,1978,203.0,209,672,672,1400,1,6,2,440,149500
22420,6,6,1918,1950,0.0,1128,1370,1370,2624,2,10,3,864,239000
8160,5,6,1940,1950,0.0,312,756,756,1134,1,7,1,240,126000
8450,5,6,1968,1968,0.0,775,1056,1056,1056,1,6,1,304,142000
7060,7,5,1997,1998,200.0,1309,1344,1344,1344,2,8,4,784,206300
16635,6,7,1977,2000,126.0,1246,1602,1602,1602,2,8,2,529,215000
21750,5,5,1954,1954,0.0,0,988,988,988,1,4,2,520,113000
9200,8,5,1998,1998,473.0,986,1470,1470,2630,2,8,3,696,315000
9000,6,5,1956,1956,74.0,616,1196,1196,1196,1,6,1,297,139000
3378,7,8,1946,1992,0.0,0,651,707,1389,1,6,1,240,135000
12800,7,5,1989,1989,145.0,1518,1518,1644,1644,2,5,2,569,275000
8593,4,6,1957,1957,0.0,288,907,907,907,1,5,1,352,109008
6762,7,5,2007,2007,108.0,664,1208,1208,1208,2,6,2,628,195400
11457,6,5,1988,1988,0.0,1005,1392,1412,1412,2,6,2,576,175000
1680,6,5,1971,1971,232.0,387,483,483,987,1,4,1,264,85400
5586,6,7,1920,1998,0.0,0,901,1088,1198,1,7,0,0,79900
1920,5,5,1971,1971,376.0,471,765,765,1365,1,6,2,440,122500
10839,6,5,1997,1998,0.0,0,926,926,1604,2,7,2,470,181000
1890,4,7,1972,1972,0.0,495,630,630,630,1,3,0,0,81000
10667,7,6,1996,1996,0.0,385,799,827,1661,2,6,2,550,212000
4400,6,8,1920,1950,0.0,0,648,734,1118,1,6,2,440,116000
6000,6,7,1926,2004,0.0,0,884,904,904,1,4,1,180,119000
4280,5,6,1913,2002,0.0,365,440,694,694,1,4,1,352,90350
12354,6,8,1920,2000,0.0,0,684,684,1196,1,7,2,528,110000
15431,10,5,2008,2008,200.0,1767,3094,2402,2402,2,10,3,672,555000
12108,4,4,1955,1955,270.0,133,1440,1440,1440,2,8,0,0,118000
6240,5,7,1930,1992,0.0,0,1078,1128,1573,2,8,2,360,162900
3922,7,5,2006,2007,72.0,0,1258,1258,1258,2,6,3,648,172500
8750,7,5,1994,1995,0.0,642,915,933,1908,2,8,2,493,210000
9855,6,5,1956,1956,0.0,0,1436,1689,1689,1,7,2,480,127500
16492,6,6,1966,2002,0.0,247,1517,1888,1888,2,6,2,578,190000
11214,7,5,1998,1999,0.0,0,930,956,1886,2,10,2,431,199900
8600,6,6,1937,1950,0.0,0,780,780,1376,2,7,1,198,119500
6000,3,7,1948,2002,0.0,331,649,679,1183,1,6,1,308,120000
5684,6,8,1930,2005,0.0,0,813,813,813,1,5,1,270,110000
70761,7,5,1975,1975,0.0,655,1533,1533,1533,2,5,2,576,280000
9303,6,5,1996,1997,42.0,742,872,888,1756,2,7,2,422,204000
9000,8,5,2008,2008,0.0,0,768,786,1590,2,6,2,676,210000
9297,5,5,1976,1976,0.0,1606,1728,1728,1728,2,8,2,560,188000
9600,7,6,1973,1973,320.0,916,1242,1242,1242,1,6,2,528,175500
4571,5,5,1916,1950,0.0,0,624,624,1344,1,7,3,513,98000
53227,4,6,1954,1994,0.0,1116,1364,1663,1663,1,6,2,529,256000
5100,8,7,1925,1996,0.0,0,588,833,1666,1,7,1,228,161000
7015,5,4,1950,1950,161.0,185,709,979,1203,1,5,1,352,110000
8004,8,5,2009,2009,110.0,544,832,832,1935,2,8,2,552,263435
7200,7,9,1936,2007,0.0,350,560,575,1135,1,6,2,576,155000
8281,5,5,1965,1965,0.0,553,864,864,864,1,5,1,360,62383
11988,6,7,1934,1995,0.0,326,715,849,1660,1,6,1,240,188700
8430,5,5,1978,1978,136.0,616,1040,1040,1040,2,5,0,0,124000
3072,7,5,2004,2004,18.0,0,1375,1414,1414,2,6,2,398,178740
10628,7,5,1970,1970,0.0,778,1277,1277,1277,1,5,2,526,167000
9480,5,7,1942,1995,224.0,386,728,888,1644,1,7,1,312,146500
11428,8,5,2006,2006,248.0,0,1626,1634,1634,2,7,3,866,250000
9291,6,5,1993,1993,120.0,426,832,832,1710,2,7,2,506,187000
6820,8,5,1985,1985,0.0,368,1488,1502,1502,1,4,2,528,212000
11952,7,6,1977,1977,0.0,0,808,1161,1969,2,8,2,534,190000
3675,6,5,2005,2005,80.0,459,547,1072,1072,1,5,2,525,148000
14977,8,5,2006,2007,304.0,1350,1976,1976,1976,2,7,3,908,440000
5330,8,5,2000,2000,0.0,1196,1494,1652,1652,2,6,2,499,251000
8480,5,6,1963,1963,0.0,630,970,970,970,1,5,2,624,132500
13125,6,5,1997,1998,215.0,994,1478,1493,1493,2,7,2,508,208900
13693,9,5,2006,2006,772.0,0,2153,2069,2643,2,9,3,694,380000
10637,8,5,2007,2008,336.0,1288,1705,1718,1718,2,7,3,826,297000
5925,4,7,1937,2000,435.0,168,907,1131,1131,1,7,2,672,89471
16033,9,5,2004,2005,378.0,1261,1833,1850,1850,2,8,3,772,326000
11846,9,5,2003,2004,562.0,1567,1792,1792,1792,2,6,3,874,374000
2500,7,8,1915,2005,0.0,299,910,916,1826,1,7,1,164,155000
4500,6,5,1998,1998,116.0,897,1216,1216,1216,2,5,2,402,164000
7758,5,7,1962,2001,0.0,588,999,999,999,1,6,1,264,132500
9600,5,7,1950,2007,0.0,607,1113,1113,1113,1,5,1,264,147000
10289,5,7,1965,1965,168.0,836,1073,1073,1073,1,6,2,515,156000
12243,5,6,1971,1971,0.0,998,1484,1484,1484,2,7,2,487,175000
10800,5,4,1900,1970,0.0,664,954,1766,2414,2,10,2,520,160000
1526,4,8,1970,2002,0.0,515,630,630,630,1,3,1,286,86000
2665,5,6,1976,1976,0.0,0,264,616,1304,1,4,1,336,115000
9490,6,7,1941,1950,0.0,403,806,958,1578,1,5,1,240,133000
15578,6,5,2006,2006,0.0,0,728,728,1456,2,8,2,429,172785
7931,5,6,1960,1960,0.0,374,1269,1269,1269,1,6,1,308,155000
5784,5,8,1938,1996,0.0,0,190,886,886,1,4,1,273,91300
7879,4,5,1920,1950,0.0,495,720,720,720,1,4,0,0,34900
12692,8,5,1992,1993,0.0,1231,3200,3228,3228,3,10,2,546,430000
9120,7,6,1925,1950,0.0,329,1026,1133,1820,2,8,1,240,184000
7800,5,7,1967,2004,89.0,450,864,899,899,1,5,1,288,130000
7535,5,7,1958,1985,0.0,111,912,912,912,1,5,1,297,120000
1890,6,5,1973,1973,285.0,356,672,672,1218,1,7,1,264,113000
9803,7,5,2005,2005,0.0,400,866,866,1768,2,7,2,603,226700
9170,5,7,1965,1965,0.0,698,1214,1214,1214,1,6,2,461,140000
15602,7,8,1959,1997,0.0,1247,1501,1801,1801,2,6,2,484,289000
2308,6,5,1974,1974,0.0,257,855,855,1322,2,6,2,440,147000
7596,5,5,1952,1952,360.0,0,960,960,1960,2,10,2,400,124500
9554,8,5,1993,1994,125.0,380,777,1065,1911,2,8,2,471,215000
7862,6,5,2009,2009,0.0,27,1218,1218,1218,2,4,2,676,208300
9600,7,9,1928,2005,0.0,141,689,689,1378,2,7,2,360,161000
9600,5,6,1959,1959,132.0,991,1041,1041,1041,1,6,1,270,124500
14559,5,7,1951,2000,70.0,650,1008,1363,1363,1,6,1,288,164900
6792,7,5,2005,2006,94.0,0,1368,1368,1368,2,6,2,474,202665
9100,5,5,1958,1958,0.0,521,864,864,864,1,5,2,624,129900
9187,6,5,1983,1983,0.0,336,1084,1080,1080,1,5,2,484,134000
10594,5,5,1926,1950,0.0,0,768,789,789,1,5,1,200,96500
12220,10,5,2009,2009,305.0,1436,2006,2020,2020,2,9,3,900,402861
10448,6,6,1972,1972,333.0,0,689,1378,2119,2,7,2,583,158000
10208,7,5,1996,1997,921.0,0,1264,1277,2344,2,7,3,889,265000
9531,6,5,1998,1998,0.0,706,794,882,1796,2,7,2,546,211000
10918,7,9,1926,2004,0.0,0,1276,1276,2080,1,9,1,282,234000
10800,4,7,1900,2000,0.0,0,0,694,1294,2,7,0,0,106250
11988,6,6,1957,1957,0.0,777,1244,1244,1244,1,6,1,336,150000
5000,6,7,1947,1950,0.0,399,1004,1004,1664,2,7,2,420,159000
40094,10,5,2007,2008,762.0,2260,3138,3138,4676,3,11,3,884,184750
11787,7,5,1996,1997,594.0,719,1379,1383,2398,2,8,3,834,315750
7500,7,5,2005,2005,0.0,0,1257,1266,1266,2,6,2,453,176000
13300,5,7,1956,2000,0.0,377,928,928,928,1,4,1,252,132000
14948,9,5,2008,2008,268.0,1330,1452,1476,2713,2,11,3,858,446261
9098,4,7,1920,2002,0.0,348,528,605,605,1,5,0,0,86000
10200,6,5,1988,1989,219.0,783,1461,1509,1509,2,5,2,600,175000
6155,6,8,1920,1999,0.0,0,611,751,1362,2,6,2,502,128000
7200,5,7,1955,2007,0.0,0,0,827,827,1,5,1,392,107500
5000,1,3,1946,1950,0.0,0,0,334,334,1,2,0,0,39300
9056,8,5,2004,2004,0.0,0,707,707,1414,2,6,2,403,178000
7000,5,7,1910,1991,0.0,969,1117,820,1347,1,5,0,0,107500
8924,7,5,1998,1999,0.0,0,880,880,1724,2,8,2,527,188000
12735,4,5,1972,1972,0.0,600,864,864,864,1,5,2,576,111250
11553,5,5,1968,1968,188.0,673,1051,1159,1159,1,7,1,336,158000
11423,8,5,2001,2002,479.0,1358,1581,1601,1601,2,6,2,670,272000
14601,9,5,2006,2006,584.0,1260,1838,1838,1838,2,8,3,765,315000
11000,8,5,2000,2000,72.0,0,969,997,2285,2,8,3,648,248000
10140,7,5,1998,1999,0.0,144,1650,1680,1680,2,7,2,583,213250
4058,7,5,1998,1998,182.0,584,723,767,767,1,4,1,367,133000
17104,7,5,2006,2006,0.0,554,654,664,1496,2,7,2,426,179665
13837,7,5,1988,1988,178.0,1002,1204,1377,2183,2,9,3,786,229000
8737,6,7,1923,1950,0.0,300,1065,915,1635,1,6,2,440,210000
7244,5,7,1970,1970,0.0,619,768,768,768,1,5,2,624,129500
8235,5,7,1955,1995,0.0,180,825,825,825,1,4,2,720,125000
9375,7,5,2003,2004,0.0,0,912,912,2094,2,8,2,615,263000
4043,6,6,1977,1977,0.0,559,1069,1069,1069,2,4,2,440,140000
6000,5,6,1957,1957,0.0,308,928,928,928,1,5,1,288,112500
11146,8,5,2006,2006,250.0,0,1709,1717,1717,2,7,3,908,255500
8777,4,5,1949,2003,0.0,0,0,1126,1126,2,5,2,520,108000
10625,7,5,2003,2004,292.0,866,998,1006,2046,2,8,3,871,284000
6380,5,6,1922,1950,0.0,0,993,1048,1048,1,5,1,280,113000
14850,5,5,1957,1957,0.0,895,1092,1092,1092,1,6,1,299,141000
11040,4,6,1920,1950,0.0,637,637,897,1336,1,7,1,570,108000
21872,7,5,1996,1997,0.0,604,729,729,1446,2,6,2,406,175000
3196,7,5,2003,2004,18.0,0,1374,1557,1557,2,7,2,420,234000
11341,5,6,1957,1996,180.0,1302,1392,1392,1392,1,5,2,528,121500
10010,5,5,1974,1975,0.0,1071,1389,1389,1389,1,6,2,418,170000
13907,5,6,1940,1969,0.0,290,996,996,996,1,6,0,0,108000
21780,6,7,1918,1950,0.0,0,1163,1163,1674,2,8,2,396,185000
13346,7,5,1992,2000,0.0,728,1095,1166,2295,2,9,2,590,268000
6858,6,4,1915,1950,0.0,0,806,841,1647,1,6,1,216,128000
11198,9,5,2005,2007,245.0,0,1122,1134,2504,2,11,3,656,325000
10171,7,5,2004,2004,168.0,2,1517,1535,1535,2,7,2,532,214000
12327,8,8,1983,2009,0.0,1441,1496,1496,2132,1,5,2,612,316600
7032,5,5,1979,1979,0.0,943,943,943,943,1,4,2,600,135960
13101,5,5,1965,1965,108.0,231,1728,1728,1728,2,10,2,576,142600
7332,6,6,1959,1959,207.0,414,864,864,864,1,4,1,288,120000
13159,7,5,2009,2009,0.0,0,846,846,1692,2,6,2,650,224500
9967,7,5,2000,2000,0.0,0,384,774,1430,2,8,2,400,170000
10500,5,7,1971,2005,82.0,349,372,576,1109,1,5,1,288,139000
8480,5,5,1947,1950,0.0,442,832,832,1216,1,6,1,336,118500
6292,7,7,1928,1950,0.0,0,861,877,1477,2,6,1,216,145000
11777,5,6,1966,1966,97.0,328,1164,1320,1320,1,6,2,564,164500
3604,7,5,2007,2007,0.0,0,689,703,1392,2,5,2,540,146000
12150,5,5,1954,1954,335.0,0,1050,1050,1795,2,7,1,352,131500
14585,6,6,1960,1987,85.0,594,1144,1429,1429,1,7,2,572,181900
12704,8,5,2008,2009,306.0,0,2042,2042,2042,2,8,3,1390,253293
11841,6,5,1990,1990,104.0,816,816,816,816,1,5,0,0,118500
13500,10,9,1893,2000,0.0,0,1237,1521,2775,3,9,2,880,325000
6120,4,7,1935,1995,0.0,0,884,989,1573,1,6,1,240,133000
11443,8,5,2005,2006,208.0,1460,1868,2028,2028,2,7,3,880,369900
10267,6,7,1918,2000,0.0,210,816,838,838,1,5,1,275,130000
8740,5,6,1982,1982,0.0,672,840,860,860,1,4,2,528,137000
25095,5,8,1968,2003,0.0,1324,1437,1473,1473,1,5,1,452,143000
9100,5,6,1930,1960,0.0,0,742,779,935,1,4,1,308,79500
8320,7,5,2004,2004,0.0,490,770,770,1582,2,6,2,520,185900
13478,10,5,2008,2008,420.0,1338,1722,1728,2296,2,10,3,842,451950
6600,5,8,1982,2003,0.0,816,816,816,816,1,4,2,816,138000
4435,6,5,2003,2003,170.0,685,848,848,848,1,4,2,420,140000
7990,5,6,1975,1975,0.0,0,924,924,924,1,5,1,280,110000
11302,8,5,2005,2006,238.0,1422,1814,1826,1826,2,7,3,758,319000
3600,6,7,1910,1993,0.0,0,684,684,1368,1,7,1,216,114504
3922,7,5,2006,2007,72.0,0,1258,1402,1402,0,7,3,648,194201
12984,5,6,1977,1977,459.0,1283,1430,1647,1647,2,7,2,621,217500
1950,6,6,1980,1980,0.0,81,716,716,1556,2,6,2,452,151000
10927,8,5,2005,2005,280.0,546,1058,1058,1904,2,8,2,736,275000
9000,6,6,1937,1950,0.0,0,780,780,1375,1,6,1,544,141000
10041,8,5,1992,1992,0.0,789,908,927,1915,2,8,2,506,220000
3182,7,5,2004,2005,0.0,0,600,600,1200,2,4,2,480,151000
12803,7,5,2002,2002,99.0,922,1494,1494,1494,2,6,2,530,221000
13600,7,6,1965,1990,176.0,454,768,1186,1986,2,7,2,486,205000
12464,5,5,1996,1996,0.0,732,1040,1040,1040,1,6,2,576,152000
7800,5,8,1948,2002,0.0,603,896,1112,2008,3,8,1,230,225000
12168,8,6,1934,1998,0.0,428,965,1940,3194,2,10,2,380,359100
7943,4,5,1961,1961,192.0,903,1029,1029,1029,1,5,1,261,118500
11050,9,5,2000,2000,204.0,904,1440,1476,2153,2,8,3,736,313000
10395,6,6,1978,1978,233.0,605,1032,1032,1032,2,6,2,564,148000
11885,8,5,2001,2001,108.0,990,1299,1299,1872,2,7,2,531,261500
8402,5,5,2007,2007,0.0,206,1120,1120,1120,1,6,0,0,147000
1491,4,6,1972,1972,0.0,150,630,630,630,1,3,0,0,75500
8800,6,7,1963,1963,156.0,763,936,1054,1054,1,6,2,480,137500
7861,6,5,2002,2003,0.0,457,783,807,1509,2,7,2,393,183200
7227,6,6,1954,1954,0.0,0,832,832,832,1,4,2,528,105500
11694,9,5,2007,2007,452.0,48,1822,1828,1828,2,9,3,774,314813
12244,8,5,2003,2003,226.0,871,1482,1482,2262,2,10,3,749,305000
8248,3,3,1914,1950,0.0,41,864,864,864,1,5,0,0,67000
10800,6,7,1974,1997,0.0,956,1522,1548,2614,2,9,2,624,240000
7064,5,6,1977,1977,153.0,560,980,980,980,1,6,2,484,135000
2117,6,5,2000,2000,513.0,420,756,756,1512,2,4,2,440,168500
10400,6,5,1972,1972,288.0,247,732,1012,1790,1,8,2,484,165150
10000,6,6,1962,1962,261.0,0,1116,1116,1116,1,5,2,440,160000
12342,5,5,1960,1978,0.0,0,978,1422,1422,1,6,1,286,139900
9600,6,6,1955,1972,164.0,674,1156,1520,1520,1,7,1,364,153000
11606,5,5,1969,1969,192.0,650,1040,1040,2080,1,9,2,504,135000
9020,6,5,1964,1964,259.0,624,1248,1350,1350,1,6,2,520,168500
9000,5,6,1880,1991,0.0,0,636,1089,1750,1,8,1,240,124000
4590,8,5,2006,2006,108.0,24,1554,1554,1554,2,6,2,627,209500
11900,7,5,1977,1977,209.0,822,1386,1411,1411,2,6,2,544,82500
9250,5,7,1954,2005,0.0,480,1056,1056,1056,1,6,1,260,139400
6979,6,5,1980,1980,0.0,1056,1056,1056,1056,0,4,2,576,144000
10896,6,7,1914,1995,0.0,256,1440,1440,3395,2,14,0,0,200000
6120,2,3,1936,1950,0.0,0,264,800,800,1,4,0,0,60000
6000,5,4,1954,1954,0.0,0,811,811,1387,2,7,1,256,93000
8777,5,7,1910,1950,0.0,0,796,796,796,1,4,0,0,85000
3982,8,5,2006,2006,0.0,1154,1520,1567,1567,2,7,3,648,264561
12677,8,5,2003,2004,472.0,1218,1518,1518,1518,1,6,2,588,274000
7050,7,5,2001,2001,0.0,738,1057,1057,1929,2,7,2,650,226000
13860,8,7,1972,1995,0.0,1410,1952,2000,2704,2,9,2,538,345000
10793,5,5,1969,1969,263.0,493,780,780,1620,2,7,2,462,152000
9187,9,5,2009,2009,162.0,1121,1766,1766,1766,2,7,3,478,370878
10530,6,5,1971,1971,0.0,282,981,981,981,1,5,2,576,143250
7200,5,5,1950,1950,0.0,0,0,1048,1048,1,7,2,420,98300
10452,6,5,1953,1953,216.0,500,1094,1094,1094,1,5,2,495,155000
7700,6,5,1966,1966,351.0,0,756,1051,1839,1,7,2,442,155000
1936,4,6,1970,1970,0.0,131,630,630,630,1,3,0,0,84500
9084,4,5,1940,1950,0.0,0,755,755,1510,1,7,1,296,108000
8750,7,5,1996,1996,0.0,0,880,909,1716,2,7,2,512,191000
10320,6,7,1906,1995,0.0,0,756,756,1469,1,7,1,216,135000
10437,8,6,1995,1995,660.0,1696,2109,2113,2113,2,7,3,839,350000
1680,6,5,1971,1971,381.0,0,525,525,1092,1,6,1,264,88000
10007,5,7,1959,2006,54.0,806,1053,1053,1053,1,5,1,312,145500
7200,7,6,1931,2000,0.0,0,776,851,1502,1,6,1,270,149000
17503,6,5,1948,1950,0.0,0,912,912,1458,1,6,1,330,97500
9937,5,7,1964,1999,0.0,637,1486,1486,1486,1,7,2,480,167000
12384,7,7,1976,1976,233.0,0,793,1142,1935,2,7,2,550,197900
46589,8,7,1994,2005,528.0,1361,1629,1686,2448,2,8,3,711,402000
13560,6,3,1968,1968,216.0,0,1392,1392,1392,1,5,2,576,110000
10012,4,5,1972,1972,0.0,920,1138,1181,1181,2,6,2,588,137500
20896,8,5,2005,2006,0.0,1721,2077,2097,2097,1,8,3,1134,423000
11194,8,5,2000,2000,40.0,0,1406,1454,1936,2,7,2,504,230500
18450,6,5,1965,1979,113.0,187,1021,1465,2380,2,7,2,596,129000
8125,6,5,1994,1998,258.0,1138,1408,1679,1679,2,7,2,575,193500
14175,5,6,1956,1987,0.0,988,1188,1437,1437,1,6,2,576,168000
11600,4,5,1922,1950,0.0,0,700,1180,1180,1,5,1,252,137500
8633,6,5,2005,2005,0.0,193,738,738,1476,2,7,2,540,173500
6629,6,6,1925,1950,0.0,551,672,697,1369,2,6,1,300,103600
11250,6,6,1977,1977,0.0,767,1208,1208,1208,1,6,2,546,165000
14442,6,7,1957,2004,106.0,1186,1477,1839,1839,2,7,2,416,257500
9200,6,6,1965,1965,0.0,892,1136,1136,1136,1,5,1,384,140000
2289,6,6,1978,1978,0.0,311,855,855,1441,2,7,2,440,148500
9600,4,2,1900,1950,0.0,0,1095,1095,1774,2,8,3,779,87000
9022,5,8,1924,2006,0.0,0,768,792,792,1,5,1,240,109500
11844,8,5,2008,2008,464.0,0,2046,2046,2046,2,7,3,834,372500
9945,5,5,1961,1961,57.0,827,988,988,988,1,5,2,572,128500
8012,6,5,1980,1980,0.0,543,923,923,923,2,5,1,264,143000
4500,5,5,1932,2000,0.0,182,793,848,1520,1,6,1,281,159434
2887,6,5,1996,1997,0.0,1003,1291,1291,1291,1,6,2,431,173000
11248,9,5,2002,2002,215.0,1059,1626,1668,1668,2,7,3,702,285000
16770,7,5,1998,1998,30.0,0,1195,1195,1839,2,7,2,486,221000
5062,7,5,1984,1984,0.0,828,1190,1190,2090,2,6,2,577,207500
10207,7,6,2007,2007,0.0,0,874,874,1761,3,7,2,578,227875
5105,7,5,2004,2004,0.0,239,551,551,1102,2,4,2,480,148800
8089,8,6,2007,2007,0.0,945,1419,1419,1419,2,7,2,567,392000
7577,6,5,2005,2006,256.0,20,1362,1362,1362,2,6,2,460,194700
4426,6,5,2004,2004,147.0,697,848,848,848,1,3,2,420,141000
21535,10,6,1994,1995,1170.0,1455,2444,2444,4316,3,10,3,832,755000
26178,7,5,1989,1990,293.0,965,1210,1238,2519,2,9,2,628,335000
5400,5,6,1921,1968,0.0,0,1073,1073,1073,1,4,1,326,108480
6120,5,6,1936,1950,0.0,0,927,1067,1539,1,5,2,576,141500
13811,6,6,1987,1987,72.0,980,1112,1137,1137,2,5,2,551,176000
6000,5,7,1921,1950,0.0,616,616,616,616,1,4,1,205,89000
6420,5,7,1952,1952,0.0,210,980,1148,1148,1,6,1,308,123500
8450,5,8,1965,2009,0.0,553,894,894,894,1,5,1,336,138500
4282,7,5,2004,2004,0.0,16,1391,1391,1391,2,5,2,530,196000
14331,8,5,2002,2002,630.0,1274,1800,1800,1800,2,7,3,765,312500
9600,7,5,1969,1969,168.0,0,1164,1164,1164,1,6,2,528,140000
12438,8,5,2006,2006,466.0,0,1234,1264,2576,2,10,3,666,361919
7630,5,9,1900,1996,0.0,0,360,1032,1812,2,8,2,672,140000
8400,7,5,2004,2005,109.0,712,1473,1484,1484,2,7,2,606,213000
5600,4,5,1930,1950,0.0,0,0,372,1092,2,7,0,0,55000
115149,7,5,1971,2002,351.0,1219,1643,1824,1824,2,5,2,739,302000
6240,8,5,2006,2006,176.0,863,1324,1324,1324,2,6,2,550,254000
9018,7,5,2007,2007,0.0,0,728,728,1456,2,8,2,400,179540
7162,5,7,1966,1966,41.0,0,876,904,904,1,6,1,408,109900
4130,3,6,1935,2003,0.0,0,270,729,729,1,5,0,0,52000
8712,4,7,1900,1950,0.0,0,859,859,1178,1,7,1,384,102776
4671,8,5,1988,1989,0.0,767,1228,1228,1228,2,5,2,472,189000
9873,4,5,1970,1970,160.0,789,960,960,960,1,6,2,576,129000
13517,6,8,1976,2005,289.0,533,725,725,1479,2,6,2,475,130500
10140,6,5,1974,1974,174.0,0,1064,1350,1350,2,7,2,478,165000
10800,7,8,1890,1998,0.0,0,718,1576,2554,1,8,2,704,159500
10000,5,6,1973,2000,0.0,1084,1176,1178,1178,1,5,2,439,157000
10542,7,5,1993,1994,651.0,1173,1311,1325,2418,2,9,3,983,341000
9920,5,6,1969,1969,0.0,523,971,971,971,1,5,1,300,128500
6563,8,5,1985,1985,0.0,1148,1742,1742,1742,2,5,2,564,275000
4426,6,5,2004,2004,169.0,662,848,848,848,1,3,2,420,143000
8120,4,7,1970,1970,0.0,191,864,864,864,1,5,2,463,124500
8172,4,6,1954,1972,0.0,0,941,997,1470,2,7,1,548,135000
13286,9,5,2007,2008,340.0,1234,1698,1698,1698,2,8,3,768,320000
6960,4,6,1970,1970,0.0,375,864,864,864,1,5,2,660,120500
21695,6,9,1988,2007,260.0,808,880,1680,1680,2,5,2,540,222000
7314,7,5,2007,2007,82.0,724,1232,1232,1232,2,6,2,632,194500
11475,5,5,1958,1958,95.0,0,1584,1776,1776,2,9,3,888,110000
6240,4,5,1925,1950,0.0,152,780,848,1208,1,5,2,539,103000
5389,8,5,1995,1996,0.0,1180,1595,1616,1616,2,5,2,608,236500
9590,7,5,2003,2003,442.0,786,868,1146,1146,2,6,2,438,187500
11404,7,5,1998,1999,202.0,252,1153,1153,2031,2,8,2,541,222500
10000,5,6,1961,1983,0.0,594,864,1144,1144,1,6,1,264,131400
8978,5,5,1968,1968,0.0,0,948,948,948,1,6,1,300,108000
10800,7,7,1914,1970,0.0,390,880,880,1768,1,6,2,320,163000
8544,3,4,1950,1950,0.0,0,0,1040,1040,2,6,2,400,93500
10463,8,5,2005,2005,0.0,0,893,901,1801,2,8,3,800,239900
10800,5,5,1987,1988,0.0,1200,1200,1200,1200,3,5,0,0,179000
9313,7,5,2004,2004,0.0,0,864,864,1728,2,7,2,572,190000
9600,5,7,1910,2002,0.0,0,264,768,1432,2,7,2,360,132000
6768,6,8,1961,1996,0.0,832,912,912,912,1,5,1,288,142000
8450,7,5,2000,2001,108.0,0,1349,1349,1349,2,6,2,539,179000
12886,5,6,1963,1999,0.0,444,520,1464,1464,2,6,2,480,175000
5395,8,5,1993,1993,0.0,733,1337,1337,1337,2,5,2,462,180000
8963,8,9,1976,1996,289.0,575,1142,1175,2715,3,11,2,831,299800
8795,7,5,2000,2000,0.0,300,952,980,2256,2,8,2,554,236000
11700,7,7,1880,2003,0.0,0,1240,1320,2640,1,8,4,864,265979
10593,7,5,1996,1996,338.0,919,1720,1720,1720,2,7,2,527,260400
8405,4,3,1945,1950,0.0,0,0,1088,1529,2,9,1,240,98000
8800,4,7,1910,2004,0.0,0,576,792,1140,1,7,0,0,96500
7750,7,5,2003,2003,0.0,0,660,660,1320,2,6,2,400,162000
9236,6,5,1997,1997,0.0,1200,1479,1494,1494,2,6,2,576,217000
10240,8,5,2005,2005,178.0,0,1030,1038,2098,2,8,3,878,275500
7930,6,8,1969,2005,0.0,439,1026,1026,1026,1,5,2,440,156000
3230,6,5,1999,1999,894.0,381,729,742,1471,2,6,2,440,172500
10769,8,5,2007,2007,0.0,20,866,866,1768,2,7,2,578,212000
11616,6,5,1978,1978,328.0,438,672,672,1386,2,6,2,440,158900
2280,7,5,1999,1999,360.0,549,744,757,1501,2,6,2,440,179400
12257,8,5,1995,1995,513.0,56,1318,1328,2531,2,9,3,752,290000
9100,6,6,1959,1959,0.0,612,864,864,864,1,5,1,300,127500
6911,5,5,1924,1950,0.0,405,1145,1301,1301,1,5,2,440,100000
8640,7,5,2009,2009,0.0,24,756,764,1547,2,7,2,614,215200
9430,8,5,1999,1999,673.0,1163,1252,1268,2365,2,8,3,856,337000
9549,8,5,1995,1996,0.0,437,1494,1494,1494,1,6,2,481,270000
14587,9,5,2008,2008,284.0,0,1498,1506,1506,2,6,2,592,264132
10421,7,5,1988,1988,42.0,394,980,980,1714,2,7,2,496,196500
12508,6,7,1940,1985,0.0,660,983,983,1750,2,7,1,423,160000
9100,7,5,2004,2005,0.0,24,1860,1836,1836,2,8,2,484,216837
53504,8,5,2003,2003,603.0,1416,1650,1690,3279,3,12,3,841,538000
7252,5,5,1982,1982,0.0,685,858,858,858,1,5,2,576,134900
8877,4,5,1951,1951,0.0,836,836,1220,1220,1,6,2,396,102000
7819,6,5,1976,1976,0.0,422,1029,1117,1117,1,6,2,672,107000
10150,5,5,1958,1958,1.0,456,912,912,912,1,5,1,275,114500
14226,8,5,2006,2006,375.0,0,1935,1973,1973,2,9,3,895,395000
4500,6,5,1998,1998,320.0,866,1204,1204,1204,2,5,2,412,162000
11210,7,5,2005,2006,240.0,20,1614,1614,1614,2,7,3,865,221500
13350,5,5,1974,1974,0.0,762,864,894,894,1,5,2,440,142500
8400,5,5,1977,1977,320.0,0,0,2020,2020,2,10,2,630,144000
10530,6,5,1977,1977,90.0,975,975,1004,1004,1,4,2,504,135000
7875,7,5,1995,1996,38.0,0,1237,1253,1253,2,6,2,402,176000
7153,6,5,1992,1992,0.0,387,761,810,1603,2,7,2,484,175900
16285,7,5,2001,2002,0.0,0,1413,1430,1430,2,6,2,605,187100
9101,5,6,1978,1978,104.0,1097,1097,1110,1110,1,4,2,602,165500
6300,6,6,1914,2001,0.0,0,742,742,1484,2,9,0,0,128000
9790,6,5,1967,1967,0.0,251,1372,1342,1342,2,7,2,457,161500
10800,5,6,1915,1950,0.0,686,686,966,1652,2,7,1,416,139000
10142,7,5,2004,2004,0.0,656,956,956,2084,2,8,2,618,233000
6000,4,7,1954,2000,0.0,0,901,901,901,1,4,1,281,107900
12205,6,8,1966,2007,157.0,568,832,976,2087,2,9,2,444,187500
3182,7,5,2005,2006,11.0,16,1145,1145,1145,2,5,2,397,160200
11333,6,5,1976,1976,0.0,539,1029,1062,1062,1,5,2,539,146800
9920,7,5,1996,1997,0.0,862,1117,1127,2013,2,8,2,455,269790
9158,8,5,2007,2007,140.0,0,1496,1496,1496,2,7,2,474,225000
10832,7,5,1994,1996,0.0,0,712,1086,1895,2,7,2,409,194500
8400,6,6,1980,1981,130.0,0,650,888,1564,2,7,2,476,171000
8197,6,5,1977,1977,148.0,0,660,1285,1285,1,7,2,528,143500
7677,5,5,1953,1953,0.0,570,773,773,773,1,4,1,240,110000
13518,9,5,2008,2009,860.0,0,1926,1966,3140,3,11,3,820,485000
7200,5,7,1937,1950,252.0,569,731,981,1768,1,7,1,240,175000
12798,6,5,1997,1997,0.0,462,616,616,1688,2,8,2,603,200000
4800,4,7,1916,1990,0.0,197,1196,1196,1196,1,5,2,440,109900
8199,7,5,2005,2005,0.0,648,728,728,1456,2,7,2,410,189000
13891,9,5,2008,2009,424.0,0,1734,1734,2822,3,12,3,1020,582933
9000,5,5,1954,1954,0.0,812,936,1128,1128,1,5,1,286,118000
12274,7,5,2008,2008,256.0,0,1417,1428,1428,2,6,2,554,227680
9750,5,5,1967,1967,0.0,400,980,980,980,2,6,1,384,135500
21384,5,6,1923,2004,0.0,1309,1324,1072,1576,1,6,2,528,223500
13400,5,5,1966,1966,1047.0,516,1024,1086,1086,1,6,2,484,159950
8100,5,5,1898,1965,0.0,0,849,1075,2138,2,11,2,360,106000
10140,6,6,1974,1999,99.0,663,1040,1309,1309,1,5,2,484,181000
4438,6,5,2004,2004,169.0,662,848,848,848,1,4,2,420,144500
8712,5,5,1952,1952,0.0,0,540,1044,1044,1,4,2,504,55993
9750,6,6,1958,1958,243.0,608,1442,1442,1442,1,7,1,301,157900
8248,5,7,1918,1950,0.0,0,686,686,1250,1,7,1,280,116000
12137,7,5,1998,1998,442.0,0,1649,1661,1661,2,6,2,598,224900
11425,5,6,1954,1954,0.0,486,1008,1008,1008,1,4,1,275,137000
13265,8,5,2002,2002,148.0,1218,1568,1689,1689,2,7,3,857,271000
8816,6,7,1971,1971,80.0,504,1010,1052,1052,1,6,2,440,155000
6371,7,5,2009,2010,128.0,733,1358,1358,1358,2,6,2,484,224000
7226,7,5,2003,2003,0.0,0,798,798,1640,2,6,2,595,183000
6000,4,4,1953,1953,0.0,0,936,936,936,1,4,2,576,93000
12394,7,5,2003,2003,0.0,0,847,847,1733,2,7,2,433,225000
9900,6,7,1940,1950,0.0,0,778,944,1489,2,7,1,240,139500
11216,8,5,2006,2006,0.0,0,1489,1489,1489,2,7,2,776,232600
14803,10,5,2007,2008,816.0,1636,2078,2084,2084,2,7,3,1220,385000
6130,5,6,1924,1950,0.0,784,784,784,784,1,5,0,0,109500
8529,7,5,2001,2001,0.0,20,1454,1434,1434,2,6,2,527,189000
28698,5,5,1967,1967,0.0,249,1013,1160,2126,2,7,2,538,185000
2544,7,5,2005,2005,0.0,0,600,520,1223,2,4,2,480,147400
11900,6,5,1957,1957,387.0,1040,1392,1392,1392,1,6,2,458,166000
3180,7,5,2005,2005,0.0,0,600,520,1200,2,4,2,480,151000
9548,7,6,2003,2003,223.0,483,941,941,1829,2,7,2,613,237000
10004,6,6,1964,1964,180.0,196,1516,1516,1516,1,6,2,472,167000
7875,5,6,1961,1961,136.0,572,1144,1144,1144,1,6,2,456,139950
9600,4,7,1950,1995,0.0,442,1067,1067,1067,2,4,2,436,128000
8100,5,6,1948,1973,0.0,338,1559,1559,1559,1,5,2,812,153500
1680,6,5,1973,1973,158.0,330,483,483,987,1,5,1,264,100000
9525,5,6,1995,2006,0.0,0,1099,1099,1099,1,6,1,352,144000
11767,5,6,1946,1995,0.0,352,768,768,1200,1,6,1,240,130500
12155,6,8,1925,1950,0.0,156,672,810,1482,2,7,1,400,140000
10440,5,8,1904,2002,0.0,0,650,958,1539,2,8,2,686,157500
9020,6,7,1966,1966,183.0,312,1127,1165,1165,1,6,2,490,174900
8000,5,4,1961,1961,0.0,0,1800,1800,1800,2,10,0,0,141000
12665,5,8,1915,1950,0.0,0,876,876,1416,1,7,3,720,153900
16647,5,5,1975,1981,0.0,1390,1390,1701,1701,2,6,2,611,171000
9317,7,5,1993,1993,137.0,513,740,1006,1775,2,7,2,425,213000
15523,5,6,1972,1972,0.0,460,864,864,864,1,5,1,338,133500
45600,6,8,1908,1997,0.0,0,907,1307,2358,3,10,2,360,240000
9600,6,7,1976,1994,360.0,0,528,1094,1855,2,7,2,512,187000
4435,6,5,2003,2003,170.0,659,848,848,848,1,3,2,420,131500
3196,8,5,2003,2003,40.0,0,1273,1456,1456,2,7,2,400,215000
7128,7,5,1941,1950,0.0,364,918,918,1646,2,7,1,240,164000
12095,6,6,1964,1964,115.0,564,1127,1445,1445,1,7,2,645,158000
17920,5,4,1955,1974,0.0,306,1763,1779,1779,1,6,2,454,170000
6897,5,8,1962,2010,0.0,659,1040,1040,1040,1,6,1,260,127000
10970,6,6,1978,1978,0.0,505,940,1026,1026,1,5,2,576,147000
8125,6,5,1994,1995,0.0,0,702,702,1481,2,6,2,343,174000
10400,7,5,1976,1976,189.0,0,1090,1370,1370,2,6,2,479,152000
11029,6,7,1968,1984,220.0,619,1054,1512,2654,2,9,2,619,250000
7642,7,8,1918,1998,0.0,0,912,912,1426,1,7,1,216,189950
11625,5,4,1965,1965,0.0,841,1039,1039,1039,1,6,2,504,131500
9672,6,5,1984,1985,0.0,338,1040,1097,1097,2,6,2,480,152000
7931,5,5,1959,1959,0.0,1148,1148,1148,1148,1,6,1,672,132500
8640,7,5,2007,2008,0.0,0,1372,1372,1372,2,6,2,529,250580
8750,5,6,1970,1970,76.0,828,1002,1002,1002,1,5,2,902,148500
10656,8,5,2006,2007,274.0,0,1638,1646,1646,2,6,3,870,248900
6970,4,5,1961,1961,0.0,932,1040,1120,1120,1,5,2,544,129000
14762,5,6,1948,1950,0.0,0,0,1547,2320,2,7,2,672,169000
9938,7,5,1993,1994,246.0,750,1050,1062,1949,2,8,2,574,236000
6600,5,5,1962,1962,0.0,0,894,894,894,1,5,1,308,109500
8750,6,5,1998,1998,116.0,505,804,804,1682,2,7,2,523,200500
8892,5,7,1953,1996,0.0,0,105,910,910,1,5,2,414,116000
12144,5,7,1949,1950,0.0,375,832,1036,1268,1,6,1,288,133000
5720,5,6,1941,1950,0.0,0,676,676,1131,1,5,1,200,66500
9000,8,5,2007,2007,0.0,64,1184,1184,2610,2,11,2,550,303477
25286,4,5,1963,1963,0.0,633,1064,1040,1040,1,5,2,648,132250
8834,9,5,2004,2005,216.0,1170,1462,1462,2224,2,10,3,738,350000
11782,5,7,1961,1995,0.0,899,1109,1155,1155,1,6,2,576,148000
7000,5,8,1978,2005,90.0,646,864,864,864,1,6,1,336,136500
7024,5,5,2005,2006,0.0,980,1090,1090,1090,1,5,2,450,157000
13758,7,5,1990,1991,117.0,902,1156,1187,1717,2,7,2,400,187500
9636,6,5,1992,1993,0.0,0,808,808,1593,2,7,2,389,178000
6204,4,5,1912,1950,0.0,0,795,954,2230,1,10,1,440,118500
7150,5,5,1967,1967,60.0,432,892,892,892,1,5,1,288,100000
5119,9,5,1999,2000,60.0,1238,1698,1709,1709,2,5,2,506,328900
8393,5,5,1959,2005,122.0,528,1626,1712,1712,2,8,2,588,145000
16466,5,7,1955,1955,0.0,0,816,872,1393,1,8,1,300,135500
15865,8,6,1970,1970,0.0,351,2217,2217,2217,2,8,2,621,268000
12160,6,4,1953,1953,90.0,1024,1505,1505,1505,1,6,2,505,149500
8064,5,7,1949,2006,0.0,0,672,672,924,1,6,2,576,122900
11184,6,5,1978,1978,92.0,226,918,918,1683,2,7,2,440,172500
8414,6,8,1963,2003,0.0,663,1059,1068,1068,1,6,1,264,154500
13284,5,5,1954,1954,0.0,1064,1383,1383,1383,1,6,1,354,165000
7018,5,5,1979,1979,0.0,0,0,1535,1535,2,8,2,400,118858
7056,6,5,1963,1963,415.0,400,780,983,1796,1,8,2,483,140000
8765,4,6,1936,1950,0.0,285,951,951,951,1,6,1,327,106500
7018,5,5,1979,1979,0.0,0,0,1120,2240,2,12,2,528,142953
12919,9,5,2009,2010,760.0,2188,2330,2364,2364,2,11,3,820,611657
6993,5,7,1961,1994,0.0,465,912,1236,1236,1,6,1,288,135000
7340,4,6,1971,1971,0.0,322,858,858,858,1,4,1,684,110000
8712,5,7,1957,2000,0.0,860,992,1306,1306,1,5,1,756,153000
7875,7,5,2003,2003,0.0,0,783,807,1509,2,8,2,393,180000
14859,7,5,2006,2006,27.0,0,1670,1670,1670,2,7,3,690,240000
6173,5,6,1967,1967,75.0,599,876,902,902,1,6,1,288,125500
9920,5,5,1954,1954,110.0,354,1056,1063,1063,1,6,1,280,128000
13501,8,5,2006,2006,208.0,63,1623,1636,1636,2,8,3,865,255000
11500,7,7,1936,1987,0.0,223,1017,1020,2057,1,6,1,180,250000
8885,5,5,1983,1983,0.0,301,864,902,902,1,5,2,484,131000
12589,6,5,2005,2005,0.0,0,742,742,1484,2,8,2,390,174000
11600,5,5,1960,1960,361.0,443,1105,1105,2274,2,12,2,480,154300
9286,5,7,1977,1989,0.0,196,1268,1268,1268,1,5,1,252,143500
6120,5,7,1925,1950,0.0,489,768,1015,1015,1,6,1,450,88000
6270,5,6,1949,1950,0.0,284,1001,1001,2002,2,8,3,871,145000
3000,6,5,2009,2009,76.0,294,612,612,1224,2,4,2,528,173733
2001,4,5,1970,1970,80.0,0,546,546,1092,1,6,1,286,75000
9000,2,3,1949,1950,0.0,50,480,480,480,0,4,1,308,35311
17140,4,6,1956,1956,0.0,1059,1134,1229,1229,1,6,1,284,135000
13125,7,5,1991,1991,0.0,48,1104,912,2127,2,8,3,833,238000
11029,6,8,1958,2002,0.0,528,1184,1414,1414,1,6,2,601,176500
8462,6,5,1994,1994,105.0,814,928,936,1721,2,7,2,471,201000
8777,5,7,1900,2003,0.0,1084,1272,1272,2200,2,9,0,0,145900
10237,6,5,2005,2006,0.0,28,1316,1316,1316,2,6,2,397,169990
8012,6,5,1993,1994,0.0,165,1604,1617,1617,2,5,2,533,193000
10240,6,6,1980,1980,157.0,625,1686,1686,1686,2,7,2,612,207500
15611,5,6,1977,1977,0.0,767,1126,1126,1126,2,6,2,540,175000
11999,8,5,2003,2004,340.0,0,1181,1234,2374,2,10,3,656,285000
9900,7,5,1968,1968,342.0,552,832,1098,1978,2,9,2,486,176000
11838,8,5,2001,2001,0.0,0,1753,1788,1788,2,7,2,522,236500
13006,7,5,1997,1997,285.0,0,964,993,2236,2,8,2,642,222000
8925,8,5,2007,2007,0.0,16,1466,1466,1466,2,7,3,610,201000
9100,5,6,1965,1965,0.0,338,925,925,925,1,5,1,429,117500
11670,9,5,2006,2006,302.0,0,1905,1905,1905,2,8,3,788,320000
8487,7,5,2004,2004,210.0,20,1500,1500,1500,2,6,2,570,190000
27650,7,7,1960,2007,0.0,425,585,2069,2069,2,9,2,505,242000
5825,4,5,1926,1953,108.0,0,600,747,747,1,5,2,528,79900
9675,7,5,2005,2005,0.0,341,1113,1113,1971,2,8,2,689,253000
8760,7,5,2006,2006,0.0,464,1391,1391,1962,2,7,3,868,239799
24090,7,7,1940,1950,0.0,0,1032,1207,2403,2,10,1,349,244400
12640,6,5,1976,1976,0.0,936,1728,1728,1728,2,8,2,574,150900
8755,7,5,1999,1999,298.0,772,992,1022,2060,2,8,2,390,214000
7711,4,3,1977,1977,0.0,1440,1440,1440,1440,2,8,0,0,150000
25000,5,4,1967,1967,0.0,0,1632,1632,1632,2,8,2,576,143000
14375,6,6,1958,1958,541.0,111,819,1344,1344,1,7,2,525,137500
8820,5,6,1890,1996,0.0,1088,1088,1188,1869,1,7,2,456,124900
8163,5,6,1959,1959,128.0,748,1144,1144,1144,1,6,1,796,143000
14536,8,5,2002,2003,236.0,1300,1616,1629,1629,2,9,3,808,270000
14006,7,5,2002,2002,144.0,0,936,936,1776,2,7,2,474,192500
9360,6,7,1972,2006,0.0,982,1161,1381,1381,1,5,2,676,197500
7200,5,8,1950,2002,0.0,398,864,864,864,1,5,2,720,129000
7800,5,5,1965,1965,0.0,641,828,965,965,1,6,1,300,119900
7200,5,8,1972,2003,0.0,660,768,768,768,1,5,1,396,133900
11075,5,4,1969,1969,232.0,562,784,1168,1968,2,7,2,530,172000
9400,6,5,1975,1975,250.0,945,945,980,980,2,4,0,0,127500
7136,6,6,1946,1950,423.0,484,979,979,1958,2,8,2,492,145000
1300,6,6,1980,1980,0.0,285,561,561,1229,1,5,2,462,124000
7420,5,5,1962,1962,0.0,417,1057,1057,1057,1,6,2,576,132000
8450,7,5,2003,2003,0.0,699,1337,1337,1337,2,6,2,531,185000
2572,7,5,1999,1999,0.0,604,696,696,1416,2,6,2,484,155000
7207,5,7,1958,2008,0.0,696,858,858,858,1,4,0,0,116500
12227,6,7,1977,1995,424.0,896,1330,1542,2872,2,11,2,619,272000
2308,6,6,1976,1976,0.0,556,804,804,1548,2,7,2,440,155000
11923,9,5,2007,2007,0.0,0,1800,1800,1800,2,7,2,702,239000
11316,7,5,2002,2003,44.0,624,817,824,1894,2,8,2,510,214900
10237,6,5,2005,2007,0.0,0,783,783,1484,2,8,2,393,178900
9600,5,7,1940,1950,0.0,428,728,976,1308,1,7,1,256,160000
7390,5,7,1955,1955,151.0,902,1098,1098,1098,1,6,1,260,135000
5925,3,6,1910,1950,0.0,0,600,600,968,1,6,0,0,37900
10382,6,5,1958,1958,105.0,513,588,1095,1095,1,6,1,264,140000
10800,4,4,1949,1950,0.0,0,720,720,1192,1,6,0,0,135000
2268,7,5,2003,2004,106.0,567,764,764,1626,2,6,2,474,173000
7892,6,5,1979,1979,0.0,0,918,918,918,2,5,1,264,99500
11414,7,8,1910,1993,0.0,0,728,1136,2019,1,8,2,532,167500
2651,7,5,2000,2000,0.0,641,673,673,1382,2,6,2,490,165000
5900,4,7,1923,1958,0.0,0,440,869,869,1,4,0,0,85500
9450,4,5,1954,1954,0.0,552,894,894,894,1,5,2,400,110000
8816,5,6,1963,1963,0.0,651,1121,1121,1121,1,5,2,480,139000
12122,7,9,1961,2007,210.0,867,944,999,999,1,6,2,588,178400
12203,8,5,1998,1999,975.0,854,1225,1276,2612,2,8,3,676,336000
3182,7,5,2007,2007,16.0,0,1266,1266,1266,2,6,2,388,159895
11250,8,5,2002,2002,0.0,0,1128,1149,2290,2,9,2,779,255900
10125,5,5,1977,1977,0.0,0,0,1302,1734,2,8,2,539,126000
10880,5,5,1950,1950,0.0,1040,1164,1164,1164,1,5,1,240,125000
5310,6,8,1910,2003,0.0,0,485,1001,1635,1,5,1,255,117000
10159,9,5,2009,2010,450.0,1646,1930,1940,1940,2,8,3,606,395192
12046,6,6,1976,1976,298.0,156,848,1118,2030,2,8,2,551,195000
8125,7,5,2006,2006,0.0,0,770,778,1576,2,6,2,614,197000
9452,8,5,1997,1998,423.0,1074,1396,1407,2392,2,7,3,870,348000
17671,8,9,1882,1986,0.0,216,916,916,1742,1,8,2,424,168000
9760,6,8,1964,1993,340.0,536,822,1020,1851,2,7,2,440,187000
8846,6,5,2005,2006,0.0,0,750,750,1500,2,6,2,564,173900
12456,10,5,2006,2007,230.0,1172,1700,1718,1718,2,7,3,786,337500
4712,4,7,1946,1950,0.0,384,747,774,1230,1,5,1,305,121600
10659,5,6,1961,1961,0.0,915,1050,1050,1050,1,6,1,368,136500
11717,6,6,1970,1970,571.0,0,1442,1442,1442,2,6,2,615,185000
9786,3,4,1922,1950,0.0,0,1007,1077,1077,1,6,1,210,91000
6762,7,5,2006,2006,24.0,686,1187,1208,1208,2,6,2,632,206000
10206,3,3,1952,1952,0.0,0,0,944,944,1,4,2,528,82000
5400,5,6,1920,1950,0.0,0,691,691,691,1,4,1,216,86000
11957,8,5,2006,2006,53.0,24,1574,1574,1574,2,7,3,824,232000
11500,5,6,1976,1976,164.0,0,1680,1680,1680,2,8,2,528,136905
3182,7,5,2005,2006,16.0,16,1346,1504,1504,2,7,2,457,181000
8385,5,8,1977,1977,220.0,595,985,985,985,2,6,1,328,149900
12155,6,3,1970,1970,0.0,1237,1657,1657,1657,2,7,2,484,163500
2217,4,4,1970,1970,0.0,273,546,546,1092,1,6,1,286,88000
12118,7,5,2004,2005,108.0,0,1710,1710,1710,2,7,2,550,240000
6000,5,5,1926,1950,0.0,0,1008,1008,1522,2,7,0,0,102000
21286,5,5,1948,1950,0.0,0,720,720,1271,2,7,1,312,135000
9825,5,5,1965,1965,0.0,0,0,1664,1664,2,8,0,0,100000
10592,6,7,1923,1996,0.0,0,602,900,1502,1,7,1,180,165000
7200,5,4,1910,2006,0.0,247,1022,1022,1022,1,4,1,280,85000
11664,6,5,1948,1950,206.0,336,1082,1082,1082,1,5,1,240,119200
8400,8,6,2001,2001,0.0,643,810,810,1665,2,6,2,528,227000
11883,7,5,1996,1996,196.0,690,1504,1504,1504,2,6,2,478,203000
5814,8,5,1984,1984,0.0,1036,1220,1360,1360,1,4,2,565,187500
10784,7,5,1991,1992,76.0,0,384,802,1472,2,7,2,402,160000
3013,7,5,2005,2005,145.0,16,1362,1506,1506,2,6,2,440,213490
7024,4,5,2005,2005,0.0,1024,1132,1132,1132,1,5,2,451,176000
7406,7,5,2006,2006,84.0,684,1199,1220,1220,2,6,2,632,194000
9439,5,5,1930,1950,0.0,324,912,912,1248,1,6,1,160,87000
3182,7,5,2005,2006,14.0,16,1346,1504,1504,2,7,2,437,191000
15498,8,6,1976,1976,0.0,1165,1565,2898,2898,2,10,2,665,287000
7700,5,5,1972,1972,0.0,138,882,882,882,1,5,2,461,112500
9300,5,5,1960,1960,324.0,697,1268,1264,1264,1,6,2,461,167500
9520,8,5,2007,2008,338.0,1513,1638,1646,1646,2,7,3,800,293077
9492,5,5,1941,1950,0.0,368,768,968,1376,1,6,1,240,105000
1680,6,7,1972,1972,281.0,317,672,672,1218,1,7,1,264,118000
7082,5,8,1916,1995,0.0,0,686,948,1928,2,10,0,0,160000
15863,7,3,1920,1970,0.0,523,824,1687,3082,2,12,2,672,197000
14541,8,7,1993,1993,0.0,1012,1338,1352,2520,2,10,3,796,310000
8125,7,5,2002,2002,295.0,986,1654,1654,1654,2,6,3,900,230000
6305,5,7,1938,1950,0.0,0,920,954,954,1,5,1,240,119750
11500,4,3,1957,1957,0.0,0,0,845,845,1,5,1,290,84000
12898,9,5,2007,2008,70.0,1022,1620,1620,1620,2,6,3,912,315500
9240,8,5,2001,2002,396.0,0,1055,1055,2263,2,7,2,905,287000
1533,4,6,1970,2008,0.0,0,546,798,1344,1,6,0,0,97000
1477,4,4,1970,1970,0.0,509,630,630,630,1,3,1,286,80000
13125,5,4,1957,2000,67.0,168,1134,1803,1803,2,8,2,484,155000
9130,6,8,1966,2000,252.0,400,800,800,1632,1,7,2,484,173000
5381,6,5,2005,2005,135.0,900,1306,1306,1306,2,5,2,624,196000
11839,7,5,1990,1990,99.0,1085,1475,1532,2329,2,10,2,514,262280
9600,8,5,1981,1981,0.0,1104,2524,2524,2524,2,9,2,542,278000
13680,3,5,1955,1955,0.0,0,0,1733,1733,2,8,2,452,139600
16056,9,5,2005,2006,208.0,240,1992,1992,2868,3,11,3,716,556581
9245,5,5,1994,1995,0.0,686,990,990,990,1,5,2,672,145000
21750,5,4,1960,2006,75.0,0,0,1771,1771,1,9,2,336,115000
11100,4,7,1946,2006,0.0,0,0,930,930,1,6,1,308,84900
8993,7,5,2007,2007,0.0,0,1302,1302,1302,2,6,2,436,176485
11175,7,5,2007,2007,0.0,0,1316,1316,1316,2,6,2,440,200141
9500,6,6,1964,1978,272.0,442,816,1127,1977,1,9,2,540,165000
8562,5,6,1957,2002,145.0,383,1216,1526,1526,1,7,1,364,144500
11367,8,5,2002,2002,210.0,932,1065,1091,1989,2,7,2,586,255000
11361,6,5,1976,1976,160.0,644,1193,1523,1523,2,7,2,478,180000
7052,7,5,2005,2005,240.0,659,1364,1364,1364,2,6,2,484,185850
29959,7,6,1994,1994,0.0,595,973,979,1850,2,7,2,467,248000
11308,9,5,2008,2008,154.0,936,1104,1130,2184,2,10,3,836,335000
11275,6,7,1932,1950,480.0,297,854,1096,1991,1,7,2,432,220000
4920,8,5,2001,2001,0.0,616,1338,1338,1338,2,6,2,582,213500
18000,3,4,1935,1950,0.0,0,894,894,894,1,6,3,1248,81000
13600,5,5,1900,1950,0.0,0,662,1422,2337,2,10,2,560,90000
6000,6,6,1925,1980,0.0,397,1103,1103,1103,1,5,2,440,110500
11000,5,6,1966,1966,200.0,740,1154,1154,1154,1,6,2,480,154000
14000,7,5,1996,1997,0.0,1201,1306,1306,2260,2,7,2,533,328000
7837,6,7,1993,1994,0.0,0,799,799,1571,2,7,2,380,178000
9760,6,6,1964,1964,360.0,674,780,798,1611,1,7,2,442,167900
3964,6,4,1973,1973,0.0,837,942,1291,2521,2,10,2,576,151400
9600,5,7,1949,2003,0.0,220,845,893,893,1,4,2,576,135000
10152,5,5,1956,1956,120.0,586,1048,1048,1048,1,6,1,286,135000
11700,6,6,1968,1968,0.0,298,727,829,1556,1,8,2,441,154000
7585,5,3,1948,1950,0.0,0,810,1002,1456,1,7,1,280,91500
7950,6,6,1977,1977,140.0,535,690,698,1426,1,6,2,440,159500
8556,7,5,2006,2006,0.0,0,1240,1240,1240,2,5,3,826,194000
13125,7,6,1940,1984,0.0,410,800,960,1740,1,6,1,240,219500
10800,5,8,1936,1989,0.0,626,796,1096,1466,2,7,2,566,170000
15870,5,5,1969,1969,0.0,75,1096,1096,1096,1,6,1,299,138800
4435,6,5,2004,2004,169.0,662,848,848,848,1,3,2,420,155900
8775,5,5,1994,1994,0.0,495,990,990,990,1,5,1,299,126000
11040,6,7,1971,2004,144.0,656,1258,1258,1258,2,5,2,528,145000
7500,5,5,1963,1963,0.0,824,1040,1040,1040,1,5,1,308,133000
8749,7,5,2002,2002,100.0,0,1459,1459,1459,2,6,2,527,192000
8800,6,6,1964,1964,425.0,553,1251,1251,1251,1,6,1,461,160000
13031,6,5,1995,1996,0.0,592,691,691,1498,2,6,2,409,187500
9069,6,6,1992,1992,0.0,747,936,996,996,1,5,2,564,147000
1974,4,5,1973,1973,0.0,334,546,546,1092,1,6,1,286,83500
10574,8,5,2005,2006,0.0,0,1082,1082,1953,2,9,3,1043,252000
2522,7,5,2004,2004,50.0,0,970,970,1709,2,7,2,380,137500
3316,8,5,2005,2005,0.0,1039,1247,1247,1247,1,4,2,550,197000
8544,3,4,1950,1950,0.0,0,0,1040,1040,2,6,2,400,92900
2160,7,5,1999,2000,212.0,510,600,624,1252,2,4,2,462,160000
8400,6,5,1925,1950,0.0,423,1181,1390,1694,2,7,2,576,136500
9230,5,8,1965,1998,166.0,661,864,1200,1200,1,6,2,884,146000
5868,5,7,1956,2000,0.0,248,936,936,936,1,4,1,308,129000
9317,6,5,2006,2006,0.0,24,1314,1314,1314,2,6,2,440,176432
6882,6,7,1914,2006,0.0,0,684,773,1355,1,7,0,0,127000
3696,8,5,1986,1986,0.0,0,1074,1088,1088,1,5,2,461,170000
6000,4,6,1936,1950,0.0,672,672,757,1324,1,6,1,240,128000
11880,7,5,1978,1978,206.0,704,1271,1601,1601,2,7,2,478,157000
8400,2,5,1920,1950,0.0,290,290,438,438,1,3,1,246,60000
9758,5,5,1971,1971,0.0,412,950,950,950,1,5,1,280,119500
7000,5,7,1960,2002,45.0,588,1010,1134,1134,1,6,1,254,135000
8910,6,6,1959,1959,0.0,655,655,1194,1194,1,6,2,539,159500
2016,5,5,1970,1970,304.0,0,630,630,1302,2,6,2,440,106000
12256,8,5,1994,1995,362.0,1032,1463,1500,2622,2,9,2,712,325000
10357,7,5,1990,1991,0.0,738,910,1442,1442,2,6,2,719,179900
23257,7,5,2006,2006,0.0,0,868,887,2021,2,9,2,422,274725
8063,6,5,2000,2000,0.0,0,924,948,1690,2,7,2,463,181000
11362,8,5,2004,2005,42.0,1039,1836,1836,1836,2,7,3,862,280000
8000,6,5,1995,1996,0.0,219,773,773,1658,2,8,2,431,188000
10480,7,6,1976,1976,660.0,403,803,1098,1964,2,8,2,483,205000
7100,5,7,1957,1957,0.0,708,816,816,816,1,5,1,308,129900
8923,5,7,1953,2006,0.0,643,1008,1008,1008,1,6,1,240,134500
5400,5,7,1954,2000,0.0,415,833,833,833,1,4,1,326,117000
12085,8,5,2007,2007,328.0,1004,1734,1734,1734,2,7,3,928,318000
7750,8,5,2002,2002,0.0,353,408,779,1419,2,7,2,527,184100
9764,5,7,1967,2003,0.0,702,894,894,894,1,5,2,450,130000
13825,5,6,1958,1987,0.0,0,533,1021,1601,1,6,1,300,140000
7560,5,5,1959,1959,0.0,369,1040,1040,1040,1,6,1,286,133700
8263,6,5,1920,1950,0.0,0,1012,1012,1012,1,6,1,308,118400
10084,7,5,2005,2006,196.0,24,1552,1552,1552,2,7,3,782,212900
8926,4,3,1956,1956,0.0,0,672,960,960,1,5,1,288,112000
9405,5,9,1947,2008,0.0,0,698,698,698,1,4,0,0,118000
9125,7,5,1992,1992,170.0,0,384,812,1482,2,7,2,392,163900
10434,4,5,1955,1955,0.0,0,1005,1005,1005,1,5,2,672,115000
3684,7,5,2007,2007,130.0,0,1373,1555,1555,2,7,3,660,174000
14572,7,5,2004,2004,0.0,1300,1530,1530,1530,2,7,3,630,259000
11796,7,5,2004,2005,0.0,0,847,847,1959,2,8,2,434,215000
7200,5,5,1980,1980,180.0,936,936,936,936,1,4,2,672,140000
7804,4,3,1928,1950,0.0,622,1122,1328,1981,2,7,2,576,135000
10712,5,5,1991,1992,0.0,212,974,974,974,1,5,0,0,93500
9900,6,4,1880,1950,0.0,0,1008,1178,2210,2,8,1,205,117500
9828,8,5,1995,1995,0.0,584,1128,1142,2020,2,8,2,466,239500
8773,6,5,1997,1997,0.0,0,916,916,1600,2,7,2,460,169000
6180,6,5,1926,1950,0.0,0,960,986,986,1,5,1,180,102000
9600,6,5,1950,1950,0.0,280,1032,1032,1252,1,6,1,288,119000
6342,5,8,1875,1996,0.0,0,780,780,1020,1,6,0,0,94000
9819,6,5,1977,1977,0.0,1567,1567,1567,1567,2,5,2,714,196000
8731,5,5,1920,1950,0.0,645,915,1167,1167,1,6,2,495,144000
7350,5,7,1951,1951,0.0,852,952,952,952,1,4,2,840,139000
10304,5,7,1976,1976,44.0,381,780,1088,1868,2,9,2,484,197500
9965,8,5,2006,2007,340.0,1150,1466,1466,2828,3,11,3,1052,424870
9000,5,3,1959,1959,0.0,288,1006,1006,1006,1,5,0,0,80000
12180,4,4,1941,1950,0.0,348,672,672,924,1,5,1,280,80000
6240,5,6,1928,1950,0.0,0,1042,1042,1576,1,8,1,225,149000
11200,6,5,1985,1985,85.0,1258,1298,1298,1298,2,5,2,403,180000
12000,7,7,1941,1950,0.0,275,704,860,1564,1,7,1,234,174500
5700,7,7,1926,1950,0.0,0,572,572,1111,1,5,1,288,116900
9000,7,9,1920,1988,0.0,624,650,832,1482,1,7,2,324,143000
8280,6,5,1950,1950,0.0,0,932,932,932,1,4,1,306,124000
17755,5,4,1959,1959,132.0,176,1466,1466,1466,1,6,2,528,149900
14115,6,7,1956,2004,0.0,296,1073,1811,1811,1,6,2,470,230000
5890,6,8,1930,2007,0.0,538,816,816,816,1,5,1,432,120500
13700,7,6,1965,1988,288.0,454,864,902,1820,1,8,2,492,201800
10768,5,8,1976,2004,0.0,1157,1437,1437,1437,2,6,2,528,218000
9350,5,8,1965,1999,0.0,633,1219,1265,1265,2,6,2,502,179900
5001,7,5,2007,2008,166.0,904,1314,1314,1314,2,6,2,626,230000
11932,8,5,2007,2008,186.0,0,1580,1580,1580,2,7,3,830,235128
9120,6,6,1974,1974,270.0,442,901,943,1876,2,8,2,540,185000
2280,6,5,1978,1978,0.0,311,855,855,1456,2,7,2,440,146000
14778,6,7,1954,2006,72.0,728,1296,1640,1640,1,7,2,924,224000
8724,5,5,1968,1968,0.0,492,894,894,894,1,5,2,450,129000
12900,4,4,1969,1969,0.0,1198,1198,1258,1258,0,6,2,400,108959
16157,5,7,1978,1978,0.0,680,1360,1432,1432,1,5,2,588,194000
9541,7,5,2009,2009,268.0,0,1502,1502,1502,2,7,2,644,233170
10475,8,5,2008,2008,72.0,0,1694,1694,1694,2,7,3,776,245350
10852,6,5,2000,2000,0.0,786,959,959,1671,2,7,2,472,173000
13728,6,7,1935,1986,0.0,626,1127,1236,2108,2,7,2,540,235000
35760,10,5,1995,1996,1378.0,1387,1930,1831,3627,3,10,3,807,625000
9880,6,6,1977,1977,0.0,522,1096,1118,1118,1,6,1,358,171000
9120,6,6,1958,1958,0.0,662,1261,1261,1261,1,6,2,433,163000
4017,7,5,2006,2007,0.0,0,625,625,1250,2,5,2,625,171900
18030,5,6,1946,1994,0.0,152,1598,1636,3086,3,12,0,0,200500
16560,6,8,1932,1950,0.0,503,952,1170,2345,2,9,2,360,239000
10678,8,5,1992,2000,337.0,700,1683,2129,2872,2,9,2,541,285000
6951,5,5,1984,1985,0.0,658,876,923,923,1,5,1,264,119500
3950,6,8,1926,2004,0.0,468,818,818,1224,1,5,1,210,115000
7681,5,6,1921,1950,0.0,0,731,820,1343,1,7,1,186,154900
8335,5,5,1954,1954,0.0,0,0,1124,1124,1,5,0,0,93000
11170,7,5,1990,1991,0.0,1216,1216,1298,2514,2,8,2,693,250000
5587,8,5,2008,2008,186.0,1480,1600,1652,1652,2,5,2,482,392500
15623,10,5,1996,1996,0.0,2096,2396,2411,4476,3,10,3,813,745000
10800,5,6,1920,1950,0.0,821,1120,1130,1130,1,5,2,720,120000
35133,5,4,1963,1963,226.0,1159,1572,1572,1572,1,5,3,995,186700
9738,5,7,1924,1950,0.0,392,784,949,1221,1,7,1,392,104900
10615,3,5,1900,1970,0.0,440,978,1014,1699,2,7,2,420,95000
12461,8,5,1994,1995,0.0,1456,1624,1624,1624,2,5,3,757,262000
8935,7,5,2002,2002,95.0,0,831,831,1660,2,7,2,493,195000
7500,7,5,1999,1999,0.0,0,994,1028,1804,2,7,2,442,189000
32463,4,4,1961,1975,149.0,1159,1249,1622,1622,1,7,4,1356,168000
2645,8,5,1999,2000,456.0,0,776,764,1441,2,5,2,492,174000
9600,5,8,1925,1994,0.0,0,702,842,1472,1,6,1,250,125000
4500,6,5,1999,1999,425.0,883,1224,1224,1224,2,5,2,402,165000
9364,6,7,1969,1969,143.0,371,663,663,1352,1,7,1,299,158000
8029,6,5,2005,2005,0.0,0,728,728,1456,2,8,2,400,176000
14054,7,5,2006,2006,0.0,0,879,879,1863,2,9,3,660,219210
8850,7,6,1916,1950,0.0,0,815,815,1690,1,7,1,225,144000
9100,7,5,2001,2001,0.0,0,1212,1212,1212,2,6,2,573,178000
11235,4,5,1963,1979,51.0,547,1051,1382,1382,1,6,2,459,148000
9353,4,5,1970,1970,0.0,0,864,864,864,1,5,1,280,116050
10400,7,5,1998,1998,0.0,0,866,866,1779,2,6,2,546,197900
6000,5,8,1925,1997,0.0,0,884,884,1348,1,5,1,216,117000
9750,7,5,2000,2001,171.0,0,1630,1630,1630,2,6,2,451,213000
10140,5,6,1975,1975,0.0,788,1056,1074,1074,1,6,2,495,153500
14684,7,7,1990,1991,234.0,485,2158,2196,2196,2,7,3,701,271900
8900,4,4,1966,1966,0.0,1056,1056,1056,1056,1,5,1,384,107000
9135,6,5,2003,2003,120.0,340,1682,1700,1700,2,7,2,544,200000
7763,5,7,1962,1980,0.0,504,931,1283,1283,1,6,2,506,140000
10182,8,5,2006,2006,420.0,1220,1660,1660,1660,2,8,2,500,290000
11218,6,5,1992,1992,0.0,0,1055,1055,1845,2,8,2,462,189000
12134,8,7,1988,2005,0.0,427,559,1080,1752,2,8,2,492,164000
9340,4,6,1941,1950,0.0,344,672,672,672,1,4,1,234,113000
10246,4,9,1965,2001,0.0,648,648,960,960,0,3,1,364,145000
10205,5,5,1962,1962,0.0,784,925,999,999,1,6,1,300,134500
7094,5,5,1966,1966,0.0,180,894,894,894,1,5,1,384,125000
8930,6,5,1978,1978,0.0,0,0,1318,1902,2,8,2,539,112000
8640,8,5,2009,2009,72.0,936,1300,1314,1314,2,6,2,552,229456
6240,4,5,1947,1950,0.0,0,0,672,912,1,3,0,0,80500
1680,6,5,1971,1971,236.0,0,672,672,1218,1,7,0,0,91500
7800,5,5,1964,1964,0.0,312,912,912,912,1,5,1,288,115000
8250,5,5,1968,1968,0.0,250,952,1211,1211,1,5,1,322,134000
10496,6,6,1949,1950,320.0,196,1040,1168,1846,2,7,1,315,143000
10680,5,3,1951,1951,44.0,756,2136,2136,2136,2,7,2,528,137900
15384,7,5,2004,2005,0.0,724,788,788,1490,2,8,2,388,184000
10482,6,8,1958,1958,63.0,507,588,1138,1138,1,6,1,264,145000
14598,6,5,2007,2007,74.0,0,894,894,1933,2,9,3,668,214000
8872,5,8,1965,2008,300.0,595,912,912,912,1,5,2,576,147000
8769,9,5,2008,2008,766.0,1540,1702,1702,1702,1,7,3,1052,367294
7910,5,5,1960,1960,0.0,666,1075,1507,1507,2,7,1,404,127000
18890,5,5,1977,1977,1.0,498,1361,1361,2620,2,12,2,600,190000
7728,5,6,1962,1962,120.0,803,1106,1190,1190,1,6,2,540,132500
9842,4,5,1962,1962,0.0,0,0,1224,1224,2,6,2,462,101800
12160,5,5,1959,1959,180.0,1000,1188,1188,1188,1,6,2,531,142000
8525,5,6,1911,1950,0.0,0,940,1024,1964,1,7,0,0,130000
13132,5,5,1914,1950,0.0,0,747,892,1784,1,9,1,180,138887
2628,7,5,2003,2003,106.0,0,764,764,1626,2,6,2,474,175500
12393,7,5,2004,2005,0.0,0,847,847,1948,2,8,2,434,195000
13072,6,5,2005,2005,0.0,0,1141,1141,1141,1,6,2,484,142500
9037,8,5,2006,2006,32.0,428,1476,1484,1484,2,6,2,472,265900
8158,7,5,2003,2003,252.0,550,884,884,1768,2,8,2,543,224900
9849,7,6,2007,2007,0.0,0,1689,1689,1689,2,7,3,954,248328
10625,7,6,1974,1974,81.0,885,1053,1173,1173,2,6,2,528,170000
11435,8,7,1929,1950,0.0,0,792,792,1517,1,7,2,400,230000
12090,6,7,1984,2003,74.0,0,585,1140,1868,3,7,2,477,178000
8125,7,5,2005,2006,0.0,0,756,756,1553,2,6,2,615,186500
12328,6,5,1976,1976,335.0,539,1012,1034,1034,1,6,3,888,169900
9600,6,5,1917,1950,0.0,319,735,1134,2058,1,8,2,396,129500
7200,5,7,1950,1950,0.0,534,876,988,988,1,6,1,276,119000
11160,7,5,1968,1968,0.0,1065,2110,2110,2110,2,8,2,522,244000
3136,7,5,2003,2003,163.0,0,1405,1405,1405,2,6,2,478,171750
9858,5,6,1968,1968,0.0,510,864,874,874,1,5,1,288,130000
17542,7,7,1974,2003,0.0,125,1192,1516,2167,2,9,2,518,294000
6931,7,5,2003,2004,92.0,0,746,760,1656,2,7,2,397,165400
6240,6,6,1931,1950,0.0,425,884,959,1367,1,6,1,560,127500
14303,8,5,1994,1994,554.0,1314,1986,1987,1987,2,7,2,691,301500
4060,5,8,1922,1950,0.0,0,864,864,864,1,4,0,0,99900
9587,7,5,2005,2005,182.0,655,856,1166,1166,2,5,2,400,190000
9750,6,8,1969,1969,0.0,602,1054,1054,1054,1,6,2,460,151000
24682,6,5,1999,1999,0.0,0,841,892,1675,2,7,2,502,181000
9600,5,6,1956,1956,0.0,504,1050,1050,1050,1,5,1,338,128900
11250,4,5,1957,1989,0.0,0,1104,1104,1788,1,8,1,304,161500
13515,6,6,1919,1950,0.0,0,764,1060,1824,1,8,2,520,180500
4060,6,5,1998,1999,0.0,266,1405,1337,1337,2,5,2,511,181000
3735,7,5,1999,1999,218.0,450,691,713,1452,2,6,2,506,183900
10120,7,4,1910,1950,0.0,0,925,964,1889,1,9,1,308,122000
13214,9,5,2008,2009,0.0,0,2002,2018,2018,2,10,3,746,378500
14100,8,9,1935,1997,632.0,192,728,1968,3447,3,11,3,1014,381000
11344,5,5,1958,1958,180.0,460,874,874,1524,1,7,1,315,144000
23595,7,6,1979,1979,0.0,1258,1332,1332,1524,0,4,2,586,260000
9156,6,7,1968,1968,0.0,0,1489,1489,1489,2,7,2,462,185750
13526,5,6,1965,1965,114.0,560,935,935,935,1,5,1,288,137000
11512,6,7,1959,2006,84.0,719,1019,1357,1357,1,5,1,312,177000
5362,5,6,1910,2003,0.0,0,661,661,1250,2,8,2,552,139000
11345,5,5,1948,1950,567.0,220,928,928,1920,2,10,2,400,137000
12936,6,6,1972,1972,0.0,593,723,735,1395,1,6,2,497,162000
17871,6,5,1967,1976,359.0,528,1680,1724,1724,1,7,2,480,197900
7500,4,4,1920,1950,0.0,0,698,698,1128,1,6,2,528,68400
9808,7,5,2002,2002,110.0,788,1573,1573,1573,2,6,2,544,227000
8049,7,5,1990,1990,54.0,1053,1309,1339,1339,2,6,2,484,180000
8800,5,7,1977,2008,0.0,532,1040,1040,1040,2,5,2,484,150500
9400,6,5,1971,1971,0.0,0,912,912,1824,2,8,0,0,139000
9638,6,7,1919,1990,0.0,0,804,1699,2447,2,10,1,336,169000
6000,6,6,1939,1950,0.0,0,780,825,1412,1,6,1,280,132500
9790,6,5,1963,1963,451.0,569,1328,1328,1328,1,6,2,528,143000
36500,5,5,1964,1964,621.0,812,1624,1582,1582,2,7,2,390,190000
5664,8,5,2000,2000,0.0,1158,1501,1659,1659,2,5,2,499,278000
11065,8,5,2006,2006,788.0,0,1085,1120,1970,2,8,3,753,281000
14112,5,7,1964,1964,86.0,1014,1152,1152,1152,1,6,2,484,180500
1680,5,7,1972,1972,268.0,231,630,630,1302,2,6,1,264,119500
6600,5,4,1892,1965,0.0,0,994,1378,2372,2,11,1,432,107500
10140,7,5,1976,1976,0.0,194,832,832,1664,2,8,2,528,162900
8172,5,7,1955,1990,0.0,167,864,864,864,1,5,2,572,115000
8400,5,5,1968,1968,168.0,1016,1052,1052,1052,1,5,1,288,138500
8700,5,6,1963,1963,148.0,776,1120,1128,1128,2,6,2,525,155000
3675,6,5,2005,2006,82.0,547,547,1072,1072,2,5,2,525,140000
63887,10,5,2008,2008,796.0,5644,6110,4692,5642,2,12,2,1418,160000
7500,5,7,1959,1994,0.0,340,1246,1246,1246,1,6,1,305,154000
10762,7,5,1999,1999,344.0,694,978,1005,1983,2,9,2,490,225000
7500,6,7,1942,1950,0.0,547,771,753,1494,1,7,1,213,177500
10120,8,5,1994,1994,391.0,740,1165,1203,2526,2,8,3,844,290000
8688,7,5,2005,2005,228.0,0,1616,1616,1616,2,7,3,834,232000
3363,7,5,2004,2004,117.0,0,976,976,1708,2,7,2,380,130000
13173,9,5,2006,2007,300.0,1572,1652,1652,1652,2,6,2,840,325000
6955,7,5,2005,2006,94.0,0,1368,1368,1368,2,6,2,474,202500
8072,5,5,1994,1995,0.0,746,990,990,990,1,5,2,480,138000
12000,5,7,1948,2005,0.0,144,924,1122,1122,1,6,2,528,147000
7153,6,5,1991,1991,88.0,1200,1278,1294,1294,2,6,2,496,179200
17500,7,8,1959,2002,0.0,1406,1902,1902,1902,2,7,2,567,335000
8814,7,5,2005,2007,80.0,925,1274,1274,1274,2,6,2,508,203000
9572,8,5,1990,1990,336.0,482,1453,1453,2810,2,9,2,750,302000
14774,9,5,1999,1999,165.0,0,1393,1422,2599,2,10,3,779,333168
8190,4,6,1954,1954,0.0,732,948,948,948,1,5,1,280,119000
11075,6,5,1969,1969,0.0,500,952,1092,2112,2,9,2,576,206900
10226,8,5,2008,2008,270.0,0,1622,1630,1630,2,8,3,860,295493
4230,7,5,2006,2007,0.0,0,1352,1352,1352,2,5,2,466,208900
14781,8,5,2001,2002,178.0,0,1753,1787,1787,2,7,3,748,275000
10215,4,5,1954,1954,132.0,492,864,948,948,1,5,1,248,111000
8400,6,3,1957,1957,0.0,189,1478,1478,1478,1,6,2,442,156500
6627,3,6,1949,1950,0.0,0,0,720,720,1,4,1,287,72500
10186,7,5,1992,1992,0.0,674,750,1061,1923,2,8,2,564,190000
5330,4,7,1940,1950,0.0,280,420,708,708,1,5,0,0,82500
9986,8,5,2006,2007,428.0,0,1795,1795,1795,2,7,3,895,147000
3636,4,4,1922,1950,0.0,0,796,796,796,1,5,0,0,55000
4270,3,6,1931,2006,0.0,544,544,774,774,1,6,0,0,79000
6600,5,9,1982,2008,0.0,641,816,816,816,1,5,1,264,130500
10440,6,7,1920,1950,0.0,493,1510,1584,2792,2,8,2,520,256000
9084,7,5,1998,1998,0.0,0,935,955,1632,2,8,2,462,176500
10000,8,5,2006,2006,410.0,0,1588,1588,1588,2,7,3,825,227000
10780,5,5,1976,1976,0.0,483,911,954,954,1,6,2,576,132500
8877,4,6,1938,1958,0.0,690,816,816,816,1,3,1,288,100000
7200,5,6,1938,1995,0.0,0,803,803,1360,1,6,1,297,125500
2368,5,6,1970,1970,312.0,765,765,765,1365,1,7,2,440,125000
9650,6,5,1977,1977,360.0,686,1350,1334,1334,2,6,2,630,167900
9246,5,5,1973,1973,564.0,0,1656,1656,1656,2,8,2,506,135000
4118,4,4,1941,1950,0.0,0,693,693,693,1,4,0,0,52500
13450,7,5,2002,2002,0.0,700,916,920,1861,2,8,2,492,200000
9560,5,7,1972,1972,0.0,360,864,864,864,1,5,1,288,128500
8294,4,5,1971,1971,0.0,0,858,872,872,1,5,4,480,123000
13695,6,5,2003,2004,0.0,814,1114,1114,1114,1,6,2,576,155000
9375,8,5,2002,2002,149.0,0,1284,1284,2169,2,7,2,647,228500
7558,6,6,1928,1950,0.0,0,896,1172,1913,1,9,2,342,177000
11103,7,5,2006,2006,0.0,0,728,728,1456,2,8,2,440,155835
6000,4,4,1920,1950,0.0,250,960,960,960,1,5,1,308,108500
20781,7,7,1968,2003,0.0,297,1568,2156,2156,2,9,2,508,262500
15306,8,5,2006,2007,100.0,80,1732,1776,1776,2,7,3,712,283463
16196,7,5,1998,1998,0.0,1443,1482,1494,1494,2,5,2,514,215000
5250,8,5,1872,1987,0.0,259,684,938,2358,2,8,0,0,122000
11643,5,5,1969,1969,368.0,500,1248,1338,2634,2,12,4,968,200000
9247,6,6,1962,1962,318.0,319,858,858,1716,1,8,2,490,171000
6000,6,9,1937,2000,0.0,0,698,786,1176,1,4,2,624,134900
14720,8,5,1995,1996,579.0,816,2033,2053,3238,2,9,3,666,410000
10316,7,5,2000,2000,0.0,735,992,992,1865,2,7,3,839,235000
10192,7,6,1968,1992,143.0,0,570,1222,1920,3,8,2,487,170000
9477,5,5,1966,1966,65.0,340,864,892,892,1,5,1,264,110000
12537,5,6,1971,2008,0.0,734,1078,1078,1078,1,6,2,500,149900
2117,6,5,2000,2000,216.0,378,756,769,1573,2,5,2,440,177500
16737,9,5,2004,2005,66.0,1447,1980,1980,1980,2,8,3,770,315000
9842,5,6,1921,1998,0.0,0,612,990,2601,3,8,2,621,189000
16158,7,5,2005,2005,16.0,1274,1530,1530,1530,2,7,2,430,260000
12513,4,4,1920,2007,0.0,0,715,1281,1738,2,7,1,368,104900
8499,6,5,2006,2007,0.0,0,616,616,1412,2,6,2,432,156932
3180,7,5,2005,2005,0.0,0,600,520,1200,2,4,2,480,144152
7500,7,5,2000,2000,0.0,533,814,814,1674,2,7,2,663,216000
9179,7,5,1999,1999,158.0,633,873,882,1790,2,7,2,588,193000
2665,5,6,1977,1977,0.0,548,757,925,1475,2,6,1,336,127000
4435,6,5,2003,2004,170.0,685,848,848,848,1,4,2,420,144000
10635,8,5,2003,2003,171.0,370,1657,1668,1668,2,8,2,502,232000
5400,4,6,1920,1950,0.0,315,840,840,1374,1,6,1,338,105000
9600,6,6,1955,1996,0.0,831,992,1661,1661,1,8,1,377,165500
9750,7,6,1998,1998,0.0,975,1108,1108,2097,2,8,2,583,274300
11400,10,5,2001,2002,705.0,1282,2633,2633,2633,2,8,3,804,466500
10625,7,5,2005,2005,0.0,0,1026,1026,1958,2,9,3,936,250000
10991,8,5,2007,2007,80.0,0,1571,1571,1571,2,7,3,722,239000
6292,6,5,1930,1950,0.0,384,768,790,790,1,4,1,160,91000
10998,5,5,1941,1960,0.0,408,984,984,1604,2,6,2,660,117000
1953,6,5,1973,1973,408.0,309,483,483,987,1,5,1,264,83000
9735,5,5,2006,2007,0.0,0,384,754,1394,2,7,2,400,167500
8212,3,3,1914,1950,0.0,203,864,864,864,1,5,1,200,58500
12925,6,7,1970,1970,0.0,865,1205,2117,2117,2,7,2,550,237500
7200,7,7,1920,1950,0.0,0,596,998,1762,1,8,2,576,157000
25339,5,7,1918,2007,0.0,0,816,1416,1416,2,7,2,576,112000
9060,6,5,1939,1950,0.0,204,560,698,1258,1,6,1,280,105000
5436,4,8,1922,2007,0.0,735,796,796,1154,1,7,1,240,125500
16692,7,5,1978,1978,184.0,790,1392,1392,2784,3,12,2,564,250000
8520,6,7,1916,1950,0.0,168,714,1664,2526,2,10,1,216,136000
14892,9,5,2006,2007,160.0,1320,1746,1746,1746,2,7,3,758,377500
6000,6,6,1941,1950,0.0,375,735,869,1218,1,6,2,440,131000
9100,7,5,2000,2000,244.0,1400,1525,1525,1525,2,6,2,541,235000
8944,5,5,1967,1967,0.0,0,1584,1584,1584,2,8,3,792,124000
7838,5,5,1967,1967,0.0,769,864,900,900,1,6,1,288,123000
10800,6,7,1905,2000,0.0,0,482,1221,1912,2,7,2,672,163000
4045,7,5,2006,2006,45.0,1070,1356,1500,1500,2,6,3,648,246578
12665,8,5,2005,2006,245.0,0,1094,1133,2482,2,9,3,642,281213
57200,5,5,1948,1950,0.0,353,747,1687,1687,1,7,2,572,160000
6120,5,8,1920,2004,0.0,0,939,939,1513,1,8,1,180,137500
7200,5,4,1950,1982,0.0,180,1208,1136,1904,1,7,1,240,138000
6171,6,6,1925,1990,0.0,264,976,1160,1608,2,7,1,216,137450
6000,6,7,1929,1950,0.0,0,862,950,1158,1,5,1,208,120000
7415,6,5,2004,2004,0.0,759,839,864,1593,2,8,2,398,193000
6762,7,5,2006,2006,0.0,0,1286,1294,1294,2,6,2,662,193879
15256,8,5,2007,2007,84.0,929,1485,1464,1464,2,6,3,754,282922
10410,3,4,1915,1950,0.0,0,672,694,1214,1,6,3,936,105000
3842,8,5,2004,2005,174.0,1373,1594,1646,1646,2,5,2,482,275000
8445,5,7,1972,2007,0.0,656,768,768,768,1,5,2,396,133000
8780,5,5,1985,1985,0.0,625,833,833,833,1,5,0,0,112000
7740,4,7,1910,1950,0.0,0,622,741,1363,1,6,2,528,125500
20544,7,6,1986,1991,123.0,0,791,1236,2093,2,7,2,542,215000
12420,7,5,2001,2001,0.0,666,944,944,1840,2,6,2,622,230000
9600,6,8,1950,2005,0.0,120,856,1112,1668,1,6,1,271,140000
7200,4,5,1949,1950,0.0,0,0,1040,1040,2,6,2,420,90000
10994,8,5,2005,2006,366.0,976,1844,1844,1844,2,7,2,620,257000
13053,6,7,1923,2000,0.0,0,833,1053,1848,1,8,2,370,207000
3635,7,5,2007,2007,130.0,988,1386,1569,1569,2,7,3,660,175900
11340,4,6,1885,1950,0.0,0,777,1246,2290,2,11,2,560,122500
16545,8,5,1998,1998,731.0,781,1284,1310,2450,2,7,3,1069,340000
9204,5,5,1963,1963,0.0,25,1144,1144,1144,1,6,1,336,124000
16381,6,5,1969,1969,312.0,1110,1844,1844,1844,2,7,2,540,223000
11700,6,6,1968,1968,420.0,404,708,708,1416,2,7,2,776,179900
4043,6,5,1977,1977,0.0,360,1069,1069,1069,2,4,2,440,127500
4435,6,5,2003,2003,170.0,686,848,848,848,1,3,2,420,136500
19690,6,7,1966,1966,0.0,0,697,1575,2201,2,8,2,432,274970
9503,5,5,1958,1983,0.0,457,1024,1344,1344,1,6,1,484,144000
10721,6,6,1959,1959,243.0,0,1252,1252,1252,1,7,2,528,142000
10944,7,5,1994,1994,448.0,1000,1223,1223,2127,2,5,2,525,271000
10930,5,6,1945,1950,0.0,580,913,1048,1558,1,6,1,288,140000
7200,5,7,1940,1992,294.0,510,788,804,804,1,4,1,240,119000
12546,6,7,1981,1981,310.0,678,1440,1440,1440,2,7,2,467,182900
21930,5,5,2005,2005,0.0,0,732,734,1838,2,7,2,372,192140
4928,6,6,1976,1976,0.0,958,958,958,958,2,5,2,440,143750
10800,4,6,1927,2007,0.0,0,656,968,968,2,5,1,216,64500
10261,6,5,2000,2000,318.0,0,936,962,1792,2,8,2,451,186500
17400,5,5,1977,1977,0.0,936,1126,1126,1126,2,5,2,484,160000
8400,6,9,1962,2005,237.0,0,1319,1537,1537,1,7,2,462,174000
9000,4,6,1971,1971,0.0,616,864,864,864,1,5,2,528,120500
12444,8,5,2008,2008,426.0,1336,1932,1932,1932,2,7,3,774,394617
7407,6,7,1957,1996,0.0,600,912,1236,1236,1,6,2,923,149700
11584,7,6,1979,1979,96.0,315,539,1040,1725,2,6,2,550,197000
11526,6,7,1922,1994,0.0,0,588,1423,2555,2,11,2,672,191000
4426,6,5,2004,2004,147.0,697,848,848,848,1,3,2,420,149300
11003,10,5,2008,2008,160.0,765,1017,1026,2007,2,10,3,812,310000
8854,6,6,1916,1950,0.0,0,952,952,952,1,4,1,192,121000
8500,7,5,2004,2004,106.0,0,1422,1422,1422,2,7,2,626,179600
8400,6,5,1966,1966,0.0,187,814,913,913,1,6,1,240,129000
26142,5,7,1962,1962,189.0,593,1188,1188,1188,1,6,1,312,157900
10000,8,5,1995,1996,438.0,1079,1220,1220,2090,2,8,2,556,240000
11767,4,7,1910,2000,0.0,0,560,796,1346,1,6,1,384,112000
1533,5,7,1970,1970,0.0,553,630,630,630,1,3,0,0,92000
9000,5,5,1974,1974,0.0,0,896,896,1792,2,8,0,0,136000
9262,8,5,2008,2009,194.0,0,1573,1578,1578,2,7,3,840,287090
3675,5,5,2005,2005,80.0,547,547,1072,1072,1,5,2,525,145000
17217,5,5,2006,2006,0.0,0,1140,1140,1140,1,6,0,0,84500
7500,7,5,2004,2005,0.0,410,1221,1221,1221,2,6,2,400,185000
7917,6,5,1999,2000,0.0,0,953,953,1647,2,7,2,460,175000
13175,6,6,1978,1988,119.0,790,1542,2073,2073,2,7,2,500,210000
9042,7,9,1941,2006,0.0,275,1152,1188,2340,2,9,1,252,266500
9717,5,6,1950,1996,0.0,49,1078,1078,1078,1,5,1,240,142125
9937,5,6,1965,1965,0.0,830,1256,1256,1256,1,6,1,276,147500
12443,5,6,1978,1985,0.0,1001,1234,1444,1484,2,6,2,487,167000
14993,2,9,1970,1976,0.0,78,1424,1484,1484,2,7,2,487,210500
